type,role,mac,rssi,rate,sig_mode,mcs,bandwidth,smoothing,not_sounding,aggregation,stbc,fec_coding,sgi,noise_floor,ampdu_cnt,channel,secondary_channel,local_timestamp,ant,sig_len,rx_state,real_time_set,real_timestamp,len,CSI_DATA
CSI_DATA,AP,48:E7:29:89:3A:50,-47,11,1,2,1,1,1,1,0,0,0,-89,1,6,1,226732321,0,84,0,0,227.112,384,[84 -64 4 0 0 0 0 0 0 0 0 0 3 6 3 7 4 7 4 7 4 7 3 7 4 8 3 8 3 8 2 7 2 8 1 7 1 6 0 6 0 5 -1 4 -1 3 -1 1 -1 0 -1 -2 0 -3 0 -4 1 -4 1 -5 2 -6 2 -6 0 0 2 -7 2 -8 3 -8 2 -8 3 -8 3 -9 2 -9 2 -9 2 -9 2 -9 2 -9 2 -9 1 -9 1 -9 1 -9 0 -10 0 -9 0 -10 -1 -10 -1 -9 0 -9 0 -8 0 -8 0 -7 0 -6 -1 -5 0 0 0 0 0 0 0 0 0 0 ]
CSI_DATA,AP,48:E7:29:89:3A:50,-45,11,1,0,1,1,1,1,0,0,0,-89,1,6,1,226855734,0,84,0,0,227.236,384,[84 -64 4 0 0 0 0 0 0 0 0 0 -8 3 -8 4 -8 5 -10 5 -9 5 -10 4 -10 4 -9 3 -9 3 -9 2 -9 2 -9 1 -8 1 -7 0 -6 0 -5 0 -3 0 -1 -1 0 0 1 1 2 1 3 2 3 3 4 4 4 5 5 5 0 0 6 6 6 6 7 7 6 6 7 7 8 7 7 7 7 6 8 7 7 5 8 6 7 6 7 6 8 5 7 5 9 5 9 5 9 4 9 4 8 3 8 5 7 4 7 4 6 3 5 3 5 2 0 0 0 0 0 0 0 0 0 0 ]
CSI_DATA,AP,48:E7:29:89:3A:50,-47,11,1,2,1,1,1,1,0,0,0,-89,1,6,1,226917314,0,84,0,0,227.297,384,[84 -64 4 0 0 0 0 0 0 0 0 0 -4 5 -4 5 -4 5 -5 6 -5 7 -5 6 -6 6 -6 5 -6 5 -6 4 -6 4 -5 3 -5 3 -4 2 -4 1 -3 1 -2 0 -1 0 1 0 2 -1 3 0 4 0 5 1 6 1 6 1 7 1 0 0 7 2 7 2 8 2 8 2 9 2 9 2 9 2 9 2 9 2 9 2 9 2 9 2 9 2 9 1 9 1 9 0 9 0 9 0 9 0 8 0 8 1 8 1 7 1 6 0 6 0 5 -1 0 0 0 0 0 0 0 0 0 0 ]
CSI_DATA,AP,48:E7:29:89:3A:50,-49,11,1,3,1,1,1,1,0,0,0,-89,1,6,1,227017489,0,84,0,0,227.398,384,[84 -64 4 0 0 0 0 0 0 0 0 0 9 -8 9 -9 9 -10 10 -10 10 -11 11 -11 11 -11 12 -10 12 -10 12 -9 11 -8 11 -7 10 -6 9 -5 9 -4 8 -2 6 -2 4 -1 1 0 -1 1 -3 1 -5 1 -6 0 -7 -1 -9 -1 -10 -1 0 0 -11 -2 -12 -2 -12 -2 -13 -2 -13 -2 -14 -1 -14 -1 -14 -1 -14 -1 -15 0 -14 0 -14 1 -14 1 -14 2 -14 2 -14 3 -14 4 -14 4 -14 3 -14 3 -14 3 -13 3 -13 2 -11 3 -10 2 -9 3 0 0 0 0 0 0 0 0 0 0 ]
CSI_DATA,AP,48:E7:29:89:3A:50,-48,11,1,2,1,1,1,1,0,0,0,-89,1,6,1,227099944,0,84,0,0,227.48,384,[84 -64 4 0 0 0 0 0 0 0 0 0 9 0 10 -1 10 0 12 -1 12 -1 12 0 12 0 13 1 12 1 11 1 11 2 10 2 10 2 9 3 7 3 5 3 3 2 2 1 0 0 -1 -2 -1 -3 -2 -5 -3 -6 -3 -7 -3 -8 -4 -9 0 0 -4 -10 -3 -11 -4 -11 -4 -11 -5 -12 -5 -12 -5 -12 -5 -13 -6 -12 -6 -12 -6 -12 -6 -12 -7 -12 -7 -12 -6 -11 -8 -11 -8 -11 -8 -11 -8 -12 -8 -11 -7 -11 -6 -10 -6 -10 -6 -8 -6 -8 -6 -7 0 0 0 0 0 0 0 0 0 0 ]
CSI_DATA,AP,48:E7:29:89:3A:50,-48,11,1,2,1,1,1,1,0,0,0,-89,1,6,1,227187876,0,84,0,0,227.568,384,[84 -64 4 0 0 0 0 0 0 0 0 0 -4 -6 -5 -6 -5 -6 -5 -7 -6 -7 -6 -7 -5 -8 -5 -7 -4 -8 -4 -7 -3 -7 -3 -7 -3 -7 -2 -6 -1 -5 -1 -4 0 -3 -1 -2 -1 0 0 0 -1 2 -2 3 -2 3 -3 4 -3 5 -4 5 0 0 -4 6 -4 6 -4 6 -4 6 -5 7 -5 7 -5 7 -4 7 -4 8 -4 7 -4 7 -4 7 -4 7 -3 8 -3 7 -3 8 -3 8 -2 8 -3 8 -3 7 -3 7 -3 6 -2 6 -2 6 -2 5 -1 4 0 0 0 0 0 0 0 0 0 0 ]
CSI_DATA,AP,48:E7:29:89:3A:50,-50,11,1,3,1,1,1,1,0,0,0,-89,1,6,1,227271534,0,84,0,0,227.652,384,[84 -64 4 0 0 0 0 0 0 0 0 0 -3 -11 -4 -11 -5 -12 -5 -13 -6 -13 -5 -14 -5 -14 -4 -14 -4 -14 -3 -14 -3 -14 -2 -14 -2 -13 -1 -12 0 -10 0 -10 1 -7 1 -5 1 -3 0 -2 -1 1 -2 1 -2 3 -4 4 -5 5 -4 6 0 0 -6 7 -6 8 -6 8 -6 8 -6 9 -6 10 -7 10 -7 10 -6 10 -6 11 -6 11 -6 11 -5 11 -4 11 -4 12 -3 12 -3 12 -3 13 -4 12 -4 12 -4 12 -4 11 -3 10 -3 9 -3 9 -2 8 0 0 0 0 0 0 0 0 0 0 ]
CSI_DATA,AP,48:E7:29:89:3A:50,-49,11,1,1,1,1,1,1,0,0,0,-89,1,6,1,227367287,0,84,0,0,227.747,384,[84 -64 4 0 0 0 0 0 0 0 0 0 6 -2 6 -3 7 -4 7 -4 8 -4 8 -4 8 -4 8 -3 8 -3 8 -3 8 -2 8 -2 7 -1 7 -1 6 0 5 0 3 0 2 0 1 0 0 -1 -1 -1 -2 -2 -3 -3 -3 -3 -4 -4 -4 -4 0 0 -5 -5 -5 -5 -5 -5 -6 -5 -6 -5 -6 -6 -7 -6 -7 -6 -7 -6 -7 -6 -7 -5 -7 -5 -7 -5 -7 -4 -8 -4 -8 -4 -9 -4 -8 -3 -8 -4 -8 -4 -8 -4 -7 -4 -7 -4 -6 -3 -5 -3 -5 -2 0 0 0 0 0 0 0 0 0 0 ]
CSI_DATA,AP,48:E7:29:89:3A:50,-50,11,1,3,1,1,1,1,0,0,0,-89,1,6,1,227450664,0,84,0,0,227.831,384,[84 -64 4 0 0 0 0 0 0 0 0 0 7 9 7 9 9 9 10 9 11 9 10 10 10 10 10 10 10 11 9 12 8 11 8 12 7 11 6 11 4 9 4 9 2 7 1 6 1 3 0 1 0 -1 1 -2 1 -4 1 -6 2 -6 2 -7 0 0 2 -8 3 -9 3 -10 3 -10 3 -11 2 -11 2 -12 2 -12 2 -13 2 -13 2 -13 2 -13 1 -12 1 -12 0 -13 -1 -13 0 -13 -1 -14 -1 -14 -1 -14 0 -13 0 -12 0 -12 0 -11 0 -10 -1 -9 0 0 0 0 0 0 0 0 0 0 ]
CSI_DATA,AP,48:E7:29:89:3A:50,-49,11,1,3,1,1,1,1,0,0,0,-89,1,6,1,227540560,0,84,0,0,227.921,384,[84 -64 4 0 0 0 0 0 0 0 0 0 5 11 6 11 7 11 8 12 8 12 8 12 7 13 7 13 7 14 6 14 5 13 5 13 4 13 3 12 2 11 2 10 1 7 0 6 0 4 0 2 1 0 2 -2 2 -3 3 -4 4 -5 5 -5 0 0 6 -7 6 -7 6 -8 6 -8 7 -9 6 -10 6 -10 7 -11 7 -11 7 -11 7 -11 7 -12 6 -11 6 -11 5 -12 4 -12 5 -13 5 -13 5 -13 5 -13 5 -12 5 -12 6 -11 5 -10 4 -9 3 -8 0 0 0 0 0 0 0 0 0 0 ]
CSI_DATA,AP,48:E7:29:89:3A:50,-49,11,1,3,1,1,1,1,0,0,0,-89,1,6,1,227633610,0,84,0,0,228.014,384,[84 -64 4 0 0 0 0 0 0 0 0 0 12 -2 11 -3 13 -4 13 -4 15 -4 15 -4 16 -4 15 -4 15 -3 16 -2 16 -1 15 -1 14 -1 13 0 11 0 10 1 8 1 5 1 4 0 2 -1 1 -2 0 -3 -2 -5 -2 -6 -3 -6 -4 -7 0 0 -4 -9 -4 -9 -5 -9 -6 -10 -6 -10 -6 -11 -7 -11 -7 -11 -7 -11 -8 -11 -9 -11 -8 -11 -8 -10 -9 -10 -9 -10 -10 -10 -10 -10 -11 -10 -10 -10 -10 -10 -9 -11 -9 -10 -8 -9 -8 -9 -7 -8 -7 -7 0 0 0 0 0 0 0 0 0 0 ]
CSI_DATA,AP,48:E7:29:89:3A:50,-49,11,1,3,1,1,1,1,0,0,0,-89,1,6,1,227724317,0,84,0,0,228.104,384,[84 -64 4 0 0 0 0 0 0 0 0 0 -5 11 -5 11 -4 13 -4 14 -5 14 -5 15 -5 14 -6 15 -6 15 -7 14 -7 13 -8 13 -7 11 -8 11 -7 9 -7 8 -6 6 -5 5 -3 3 -1 2 0 1 2 1 3 1 5 0 6 1 7 1 0 0 8 0 9 0 9 0 10 0 10 -1 11 -1 12 -1 12 -1 12 -2 13 -1 13 -2 13 -1 12 -2 12 -2 12 -3 12 -4 12 -4 12 -4 12 -5 12 -4 13 -4 12 -3 11 -2 10 -2 9 -2 8 -3 0 0 0 0 0 0 0 0 0 0 ]
CSI_DATA,AP,48:E7:29:89:3A:50,-46,11,1,0,1,1,1,1,0,0,0,-89,1,6,1,227816916,0,84,0,0,228.197,384,[84 -64 4 0 0 0 0 0 0 0 0 0 9 6 10 5 11 5 13 6 13 6 12 7 12 7 12 7 11 8 11 8 11 9 11 9 9 8 8 8 6 7 6 7 4 6 2 4 2 2 2 0 1 -1 1 -3 1 -4 2 -6 2 -8 2 -9 0 0 2 -9 3 -10 3 -11 2 -11 4 -12 3 -13 3 -13 2 -13 3 -13 2 -13 2 -14 2 -13 2 -13 1 -13 1 -13 0 -14 0 -14 -1 -13 0 -14 0 -13 1 -14 1 -12 1 -12 0 -10 1 -10 0 -8 0 0 0 0 0 0 0 0 0 0 ]
CSI_DATA,AP,48:E7:29:89:3A:50,-50,11,1,4,1,1,1,1,0,0,0,-89,1,6,1,227900652,0,84,0,0,228.281,384,[84 -64 4 0 0 0 0 0 0 0 0 0 4 -6 4 -7 4 -8 4 -8 4 -8 4 -9 5 -8 5 -9 5 -8 5 -8 5 -7 5 -7 5 -6 6 -6 5 -5 4 -4 3 -3 2 -2 1 -2 0 -2 -1 -1 -2 -2 -3 -2 -4 -2 -5 -2 -5 -2 0 0 -6 -3 -6 -2 -7 -2 -7 -2 -8 -2 -8 -2 -8 -2 -8 -2 -8 -2 -9 -2 -9 -2 -8 -2 -8 -2 -8 -1 -8 -1 -9 -1 -8 -1 -9 0 -9 -1 -9 -1 -8 -1 -8 -1 -7 -1 -7 -1 -6 -1 -6 0 0 0 0 0 0 0 0 0 0 0 ]
CSI_DATA,AP,48:E7:29:89:3A:50,-50,11,1,4,1,1,1,1,0,0,0,-89,1,6,1,227992738,0,84,0,0,228.373,384,[84 -64 4 0 0 0 0 0 0 0 0 0 6 -4 6 -5 6 -6 7 -6 7 -6 7 -6 7 -6 8 -6 8 -6 7 -5 7 -5 7 -5 7 -4 7 -4 6 -3 5 -2 4 -1 3 -1 2 -1 1 -1 0 -1 -2 -2 -3 -2 -3 -3 -4 -3 -4 -3 0 0 -5 -4 -5 -4 -6 -4 -6 -4 -6 -4 -7 -5 -7 -5 -7 -5 -7 -5 -8 -4 -8 -5 -8 -4 -8 -4 -8 -4 -8 -3 -8 -3 -8 -3 -8 -3 -8 -4 -8 -3 -8 -4 -7 -4 -7 -3 -6 -3 -6 -3 -5 -2 0 0 0 0 0 0 0 0 0 0 ]
CSI_DATA,AP,48:E7:29:89:3A:50,-50,11,1,3,1,1,1,1,0,0,0,-89,1,6,1,228084710,0,84,0,0,228.465,384,[84 -64 4 0 0 0 0 0 0 0 0 0 7 0 7 0 8 -1 8 -1 9 -1 8 -1 9 0 9 0 9 0 9 0 9 1 8 1 8 1 7 1 6 2 5 2 4 2 3 1 2 0 1 0 0 -1 -1 -3 -1 -3 -1 -4 -1 -5 -2 -5 0 0 -2 -6 -2 -7 -2 -6 -3 -7 -3 -7 -3 -7 -3 -8 -3 -8 -4 -8 -4 -8 -4 -7 -4 -8 -4 -7 -4 -7 -4 -7 -5 -7 -5 -7 -5 -7 -5 -7 -5 -7 -4 -7 -4 -7 -4 -7 -4 -6 -3 -5 -3 -4 0 0 0 0 0 0 0 0 0 0 ]
CSI_DATA,AP,48:E7:29:89:3A:50,-49,11,1,3,1,1,1,1,0,0,0,-89,1,6,1,228172155,0,84,0,0,228.552,384,[84 -64 4 0 0 0 0 0 0 0 0 0 -13 4 -13 5 -14 6 -14 7 -14 8 -16 8 -16 7 -16 7 -16 6 -17 6 -17 5 -17 5 -15 4 -15 3 -13 2 -12 1 -11 0 -8 -1 -6 -1 -3 0 -1 0 1 1 2 3 4 3 5 4 5 6 0 0 6 6 7 6 8 6 8 7 9 6 10 7 11 7 11 7 11 7 11 8 12 7 12 7 12 6 12 6 12 5 13 5 13 5 14 4 14 5 13 5 12 6 12 5 10 5 10 4 9 4 8 3 0 0 0 0 0 0 0 0 0 0 ]
CSI_DATA,AP,48:E7:29:89:3A:50,-49,11,1,2,1,1,1,1,0,0,0,-89,1,6,1,228268147,0,84,0,0,228.648,384,[84 -64 4 0 0 0 0 0 0 0 0 0 3 -10 2 -11 2 -12 2 -13 2 -13 2 -13 2 -14 3 -13 4 -13 4 -13 4 -12 5 -12 4 -11 5 -10 5 -8 4 -7 4 -6 3 -4 1 -3 0 -2 -1 -1 -3 0 -4 0 -5 0 -7 0 -7 0 0 0 -9 0 -9 1 -10 1 -10 1 -10 2 -11 2 -12 2 -12 2 -12 2 -12 2 -12 2 -12 2 -11 3 -11 3 -11 3 -11 4 -11 5 -11 4 -11 4 -11 4 -11 4 -10 3 -9 2 -9 3 -8 2 -7 2 0 0 0 0 0 0 0 0 0 0 ]
CSI_DATA,AP,48:E7:29:89:3A:50,-49,11,1,2,1,1,1,1,0,0,0,-89,1,6,1,228356712,0,84,0,0,228.737,384,[84 -64 4 0 0 0 0 0 0 0 0 0 -2 7 -1 7 -1 8 -1 9 -1 9 -1 9 -2 9 -2 9 -2 9 -2 8 -3 8 -3 8 -3 7 -3 7 -4 6 -3 5 -3 3 -3 3 -2 2 -1 0 0 0 1 -1 2 -1 3 -2 3 -1 4 -2 0 0 5 -2 5 -2 6 -2 6 -2 6 -3 7 -3 7 -3 7 -3 7 -3 7 -4 7 -4 7 -4 7 -4 6 -4 6 -4 6 -5 7 -5 6 -5 6 -5 6 -5 6 -4 6 -4 6 -4 5 -4 4 -3 3 -3 0 0 0 0 0 0 0 0 0 0 ]
CSI_DATA,AP,48:E7:29:89:3A:50,-48,11,1,2,1,1,1,1,0,0,0,-89,1,6,1,228452417,0,84,0,0,228.833,384,[84 -64 4 0 0 0 0 0 0 0 0 0 0 -10 0 -10 -1 -11 -1 -12 -1 -12 -1 -12 -1 -12 0 -13 0 -12 0 -12 1 -12 1 -11 2 -11 2 -10 2 -9 2 -8 2 -6 2 -5 1 -3 0 -2 -1 0 -2 0 -3 1 -4 1 -6 2 -6 2 0 0 -7 3 -7 3 -8 3 -8 3 -9 4 -9 4 -9 5 -9 5 -9 5 -9 5 -9 5 -9 5 -9 5 -8 6 -8 6 -8 7 -8 7 -8 7 -8 7 -7 7 -8 7 -8 5 -7 5 -7 5 -6 4 -4 4 0 0 0 0 0 0 0 0 0 0 ]
CSI_DATA,AP,48:E7:29:89:3A:50,-48,11,1,2,1,1,1,1,0,0,0,-89,1,6,1,228560199,0,84,0,0,228.94,384,[84 -64 4 0 0 0 0 0 0 0 0 0 7 -3 7 -4 7 -4 8 -5 8 -5 8 -5 8 -5 8 -4 9 -4 8 -4 8 -3 8 -3 8 -3 7 -2 7 -1 5 -1 4 0 3 0 2 0 0 -1 -1 -1 -2 -2 -2 -3 -3 -3 -3 -4 -4 -4 0 0 -5 -5 -5 -5 -6 -5 -6 -5 -6 -5 -6 -6 -7 -5 -7 -6 -7 -6 -7 -5 -7 -5 -7 -5 -7 -5 -8 -5 -7 -5 -8 -5 -8 -4 -8 -4 -8 -5 -8 -4 -7 -5 -7 -5 -6 -4 -6 -4 -5 -3 -5 -2 0 0 0 0 0 0 0 0 0 0 ]
CSI_DATA,AP,48:E7:29:89:3A:50,-48,11,1,2,1,1,1,1,0,0,0,-89,1,6,1,228623976,0,84,0,0,229.004,384,[84 -64 4 0 0 0 0 0 0 0 0 0 0 -8 0 -8 -2 -9 -3 -10 -2 -10 -2 -9 -2 -10 -1 -10 -1 -10 -1 -10 -1 -9 -1 -9 0 -9 1 -9 0 -6 0 -7 0 -6 1 -3 0 -2 -1 -2 -1 -1 -2 1 -3 1 -3 1 -4 3 -4 3 0 0 -4 4 -5 4 -6 3 -4 5 -5 5 -6 6 -5 5 -4 6 -5 7 -6 6 -4 6 -4 7 -5 6 -5 6 -3 8 -3 8 -2 8 -2 7 -4 7 -3 6 -2 8 -3 7 -3 5 -1 5 -2 5 -2 4 0 0 0 0 0 0 0 0 0 0 ]
CSI_DATA,AP,48:E7:29:89:3A:50,-49,11,1,2,1,1,1,1,0,0,0,-89,1,6,1,228724652,0,84,0,0,229.105,384,[84 -64 4 0 0 0 0 0 0 0 0 0 -2 -11 -2 -11 -3 -11 -4 -13 -4 -13 -3 -13 -3 -14 -2 -14 -2 -14 -2 -13 -2 -14 -2 -13 -1 -12 0 -12 1 -10 1 -9 1 -7 0 -5 0 -3 0 -2 -1 0 -2 1 -3 2 -4 3 -5 3 -6 4 0 0 -7 4 -7 5 -7 6 -7 6 -8 6 -8 7 -8 7 -9 8 -9 8 -8 8 -8 8 -8 8 -8 8 -7 9 -7 8 -7 9 -6 9 -6 9 -7 9 -6 9 -7 9 -7 8 -6 7 -5 7 -5 6 -4 5 0 0 0 0 0 0 0 0 0 0 ]
CSI_DATA,AP,48:E7:29:89:3A:50,-50,11,1,3,1,1,1,1,0,0,0,-89,1,6,1,228802384,0,84,0,0,229.183,384,[84 -64 4 0 0 0 0 0 0 0 0 0 -11 6 -11 7 -12 7 -12 8 -13 8 -13 9 -13 9 -13 8 -14 8 -14 7 -14 7 -14 6 -13 5 -13 4 -11 3 -10 2 -9 1 -7 0 -5 0 -3 -1 -1 0 1 0 2 2 4 2 4 3 6 3 0 0 7 4 8 4 9 4 8 4 9 4 10 4 10 4 11 4 11 4 12 4 11 4 11 4 12 4 11 3 12 2 12 1 12 1 13 1 13 2 13 2 12 3 11 3 10 2 10 2 8 2 8 1 0 0 0 0 0 0 0 0 0 0 ]
CSI_DATA,AP,48:E7:29:89:3A:50,-49,11,1,2,1,1,1,1,0,0,0,-89,1,6,1,228892338,0,84,0,0,229.272,384,[84 -64 4 0 0 0 0 0 0 0 0 0 9 2 10 1 11 1 13 1 12 1 13 1 13 1 12 2 12 2 12 3 12 3 11 3 10 4 9 4 8 4 7 4 5 3 3 2 2 1 1 0 0 -1 -1 -3 -1 -4 -1 -6 -2 -6 -2 -7 0 0 -2 -9 -2 -8 -3 -9 -3 -10 -3 -10 -4 -11 -5 -11 -5 -11 -5 -11 -5 -11 -5 -11 -5 -11 -5 -10 -5 -10 -6 -10 -7 -10 -7 -10 -7 -10 -7 -10 -7 -10 -6 -10 -6 -10 -5 -9 -5 -8 -5 -7 -4 -6 0 0 0 0 0 0 0 0 0 0 ]
CSI_DATA,AP,48:E7:29:89:3A:50,-49,11,1,2,1,1,1,1,0,0,0,-89,1,6,1,228984880,0,84,0,0,229.365,384,[84 -64 4 0 0 0 0 0 0 0 0 0 5 -9 5 -10 4 -11 5 -12 4 -12 5 -12 5 -12 6 -12 6 -12 6 -12 6 -11 6 -11 6 -10 6 -9 6 -8 6 -6 5 -4 3 -3 1 -2 0 -1 -1 -1 -3 -1 -4 -1 -6 -1 -7 -1 -8 0 0 0 -8 -1 -9 0 -10 -1 -10 1 -10 0 -11 0 -11 0 -11 0 -12 0 -12 1 -12 2 -12 1 -11 2 -11 2 -11 2 -11 3 -11 3 -11 3 -11 3 -11 3 -11 3 -10 2 -10 2 -9 2 -8 2 -7 2 0 0 0 0 0 0 0 0 0 0 ]
CSI_DATA,AP,48:E7:29:89:3A:50,-50,11,1,3,1,1,1,1,0,0,0,-89,1,6,1,229071904,0,84,0,0,229.452,384,[84 -64 4 0 0 0 0 0 0 0 0 0 -8 -10 -9 -11 -10 -10 -11 -11 -11 -11 -12 -12 -11 -12 -11 -12 -10 -13 -11 -12 -10 -12 -9 -13 -8 -12 -8 -13 -6 -11 -4 -10 -3 -8 -2 -7 -2 -4 -2 -3 -1 -1 -2 1 -2 2 -3 4 -3 5 -3 6 0 0 -4 8 -4 8 -4 9 -3 9 -4 10 -4 10 -4 11 -3 11 -3 12 -3 12 -3 12 -3 12 -2 12 -2 13 -2 12 -1 13 -1 12 0 13 -1 13 -1 13 -1 12 -2 12 -1 11 -1 10 -2 9 -1 8 0 0 0 0 0 0 0 0 0 0 ]
CSI_DATA,AP,48:E7:29:89:3A:50,-49,11,1,2,1,1,1,1,0,0,0,-89,1,6,1,229168512,0,84,0,0,229.549,384,[84 -64 4 0 0 0 0 0 0 0 0 0 1 -10 1 -11 1 -11 0 -12 1 -12 0 -13 1 -12 1 -12 2 -13 2 -12 2 -12 2 -11 3 -11 3 -10 3 -8 3 -7 3 -6 2 -4 1 -3 0 -2 -1 -1 -3 0 -4 0 -5 1 -6 1 -6 1 0 0 -8 2 -8 2 -8 2 -8 2 -9 3 -9 3 -9 3 -10 3 -10 3 -10 4 -10 5 -10 4 -9 5 -9 5 -9 5 -9 6 -8 6 -9 6 -9 5 -9 5 -9 5 -8 4 -8 4 -7 4 -7 3 -5 4 0 0 0 0 0 0 0 0 0 0 ]
CSI_DATA,AP,48:E7:29:89:3A:50,-50,11,1,3,1,1,1,1,0,0,0,-89,1,6,1,229252034,0,84,0,0,229.632,384,[84 -64 4 0 0 0 0 0 0 0 0 0 3 -10 2 -11 2 -11 2 -13 2 -12 3 -14 3 -13 3 -13 3 -13 4 -13 4 -12 4 -11 4 -11 5 -10 5 -9 4 -7 3 -6 3 -4 2 -3 0 -2 -1 -1 -3 0 -4 0 -5 0 -6 0 -7 0 0 0 -8 1 -8 1 -9 2 -9 2 -10 2 -10 3 -11 3 -11 3 -11 3 -11 3 -11 4 -11 3 -10 3 -10 5 -10 4 -10 6 -10 5 -10 6 -10 5 -10 6 -10 5 -10 5 -9 4 -8 4 -7 3 -6 3 0 0 0 0 0 0 0 0 0 0 ]
CSI_DATA,AP,48:E7:29:89:3A:50,-49,11,1,1,1,1,1,1,0,0,0,-89,1,6,1,229354869,0,84,0,0,229.735,384,[84 -64 4 0 0 0 0 0 0 0 0 0 -6 -8 -7 -8 -7 -8 -8 -9 -9 -9 -8 -9 -8 -10 -8 -10 -7 -10 -7 -10 -7 -10 -6 -10 -6 -10 -4 -9 -4 -8 -3 -8 -2 -6 -1 -5 -1 -3 -1 -1 -1 0 -2 1 -2 3 -3 3 -3 4 -3 5 0 0 -4 6 -4 6 -4 7 -4 7 -4 8 -4 8 -4 9 -4 9 -4 9 -4 9 -4 10 -4 9 -4 9 -3 9 -3 9 -2 9 -2 10 -2 10 -2 9 -2 9 -2 9 -3 9 -2 8 -2 7 -2 6 -1 5 0 0 0 0 0 0 0 0 0 0 ]
CSI_DATA,AP,48:E7:29:89:3A:50,-50,11,1,4,1,1,1,0,0,0,0,-89,0,6,1,229455612,0,84,0,0,229.836,384,[84 -64 4 0 0 0 0 0 0 0 0 0 9 2 10 2 10 1 12 1 12 1 12 2 12 2 12 2 12 2 12 2 11 2 11 3 10 3 9 3 8 3 6 4 5 3 3 2 2 2 1 0 0 -2 -1 -3 -1 -4 -2 -5 -2 -6 -2 -7 0 0 -3 -8 -2 -8 -3 -9 -3 -9 -4 -9 -4 -10 -4 -10 -5 -10 -4 -10 -5 -10 -6 -10 -5 -10 -6 -10 -6 -10 -6 -9 -6 -9 -7 -9 -7 -9 -7 -10 -7 -9 -6 -10 -6 -9 -5 -8 -5 -8 -5 -7 -5 -6 0 0 0 0 0 0 0 0 0 0 ]
CSI_DATA,AP,48:E7:29:89:3A:50,-50,11,1,4,1,1,1,0,0,0,0,-89,0,6,1,229523529,0,84,0,0,229.904,384,[84 -64 4 0 0 0 0 0 0 0 0 0 13 3 13 2 14 2 16 2 16 2 17 2 17 3 17 3 17 4 17 5 15 5 15 5 15 5 13 6 12 6 9 5 7 6 6 3 3 3 2 1 1 -1 0 -2 -1 -4 -1 -6 -2 -6 -2 -9 0 0 -2 -10 -2 -10 -3 -11 -3 -12 -4 -13 -5 -13 -5 -13 -5 -14 -5 -14 -6 -14 -6 -15 -5 -14 -6 -13 -7 -13 -7 -13 -7 -13 -8 -12 -8 -13 -8 -13 -8 -13 -7 -13 -6 -13 -7 -12 -6 -11 -5 -10 -5 -9 0 0 0 0 0 0 0 0 0 0 ]
CSI_DATA,AP,48:E7:29:89:3A:50,-43,11,0,0,0,0,0,0,0,0,0,-89,0,6,1,229617690,0,84,0,0,229.998,128,[84 -64 4 0 0 0 0 0 0 0 0 0 3 14 4 14 5 15 6 15 6 16 5 16 6 17 5 17 5 17 4 18 3 17 3 17 2 16 1 14 0 12 0 11 -1 8 -1 6 -1 4 0 1 1 -1 2 -3 3 -4 4 -5 6 -6 6 -7 0 0 7 -8 8 -9 8 -9 8 -11 8 -10 8 -12 9 -12 9 -12 9 -13 10 -13 9 -13 9 -13 8 -13 7 -13 7 -14 7 -14 7 -15 6 -15 6 -15 6 -15 7 -14 7 -13 7 -12 6 -11 5 -10 4 -9 0 0 0 0 0 0 0 0 0 0 ]
CSI_DATA,AP,48:E7:29:89:3A:50,-50,11,1,4,1,1,1,0,0,0,0,-89,0,6,1,229701406,0,84,0,0,230.081,384,[84 -64 4 0 0 0 0 0 0 0 0 0 -7 -9 -7 -9 -8 -9 -9 -9 -9 -9 -10 -10 -9 -11 -9 -11 -8 -11 -8 -11 -8 -11 -7 -11 -6 -10 -5 -10 -4 -9 -3 -8 -2 -7 -2 -5 -1 -3 -1 -2 -1 0 -2 1 -2 3 -3 4 -3 4 -4 5 0 0 -4 6 -4 7 -4 8 -4 8 -5 9 -4 9 -4 9 -4 10 -4 10 -4 10 -4 10 -4 10 -3 10 -3 10 -3 10 -2 11 -2 10 -2 11 -2 11 -3 11 -2 10 -3 10 -2 8 -2 8 -2 7 -1 6 0 0 0 0 0 0 0 0 0 0 ]
CSI_DATA,AP,48:E7:29:89:3A:50,-43,11,0,0,0,0,0,0,0,0,0,-89,0,6,1,229801769,0,84,0,0,230.182,128,[84 -64 4 0 0 0 0 0 0 0 0 0 1 29 3 30 5 32 6 34 7 35 6 36 5 38 3 37 3 38 2 37 2 37 1 36 0 34 -1 31 -5 27 -4 25 -6 18 -5 14 -3 9 -2 5 1 2 4 -2 7 -4 9 -7 11 -10 14 -10 0 0 17 -12 18 -14 18 -15 19 -17 19 -17 20 -18 21 -20 21 -21 21 -21 23 -22 21 -24 21 -22 19 -23 19 -23 19 -25 18 -25 19 -27 18 -27 19 -27 18 -26 19 -25 19 -23 17 -22 15 -20 13 -18 11 -16 0 0 0 0 0 0 0 0 0 0 ]
CSI_DATA,AP,48:E7:29:89:3A:50,-48,11,1,2,1,1,1,0,0,0,0,-89,0,6,1,229886138,0,84,0,0,230.266,384,[84 -64 4 0 0 0 0 0 0 0 0 0 -8 6 -8 7 -9 9 -9 9 -9 10 -9 9 -9 9 -10 9 -10 9 -11 8 -10 8 -10 7 -10 7 -10 5 -9 4 -8 4 -6 2 -5 1 -3 0 -2 0 0 0 1 0 3 1 4 1 5 2 6 2 0 0 7 2 8 2 8 2 9 2 9 2 10 1 11 2 11 1 11 1 11 1 11 1 11 1 10 1 11 -1 11 0 11 -1 12 -1 11 -2 11 -2 11 -2 11 -1 10 -1 9 0 8 -1 7 -1 6 -1 0 0 0 0 0 0 0 0 0 0 ]
CSI_DATA,AP,48:E7:29:89:3A:50,-49,11,1,2,1,1,1,0,0,0,0,-89,0,6,1,229973547,0,84,0,0,230.354,384,[84 -64 4 0 0 0 0 0 0 0 0 0 -9 6 -8 7 -9 8 -9 9 -9 10 -10 9 -10 9 -10 9 -10 9 -10 8 -11 8 -11 7 -11 6 -10 5 -9 4 -8 3 -7 3 -5 1 -3 1 -2 1 0 0 1 0 2 1 4 1 6 1 6 2 0 0 8 2 8 3 8 2 9 2 9 2 10 2 11 2 11 2 11 2 11 1 11 1 11 2 11 1 11 0 11 0 11 -1 12 -1 11 -1 11 -1 10 -1 11 -1 10 0 9 0 8 0 7 0 6 -1 0 0 0 0 0 0 0 0 0 0 ]
CSI_DATA,AP,48:E7:29:89:3A:50,-50,11,1,4,1,1,1,0,0,0,0,-89,0,6,1,230064433,0,84,0,0,230.445,384,[84 -64 4 0 0 0 0 0 0 0 0 0 4 -6 4 -7 4 -8 4 -8 4 -9 4 -9 5 -9 5 -8 5 -8 5 -8 5 -7 5 -7 5 -7 5 -6 5 -5 4 -4 4 -3 2 -2 2 -2 0 -1 -1 -1 -2 -1 -3 -1 -4 -1 -5 -1 -5 -1 0 0 -6 -1 -6 -1 -7 -1 -7 -1 -8 -1 -8 0 -8 0 -9 0 -9 0 -9 0 -9 0 -8 0 -8 0 -8 1 -8 1 -8 1 -8 2 -8 2 -8 2 -8 1 -8 1 -8 1 -7 1 -7 1 -6 1 -5 1 0 0 0 0 0 0 0 0 0 0 ]
CSI_DATA,AP,48:E7:29:89:3A:50,-50,11,1,4,1,1,1,0,0,0,0,-89,0,6,1,230152826,0,84,0,0,230.533,384,[84 -64 4 0 0 0 0 0 0 0 0 0 -12 -4 -13 -4 -14 -3 -15 -3 -15 -2 -16 -4 -16 -4 -15 -4 -16 -5 -16 -5 -15 -5 -14 -6 -13 -6 -13 -6 -11 -7 -9 -6 -7 -5 -5 -4 -4 -3 -3 -2 -1 0 -1 1 0 2 1 4 0 5 1 7 0 0 1 8 2 9 2 9 2 9 3 10 3 11 3 11 3 11 4 11 4 11 4 12 4 12 4 11 5 11 4 10 6 11 6 10 7 11 6 10 6 11 5 11 5 10 4 10 4 9 3 8 3 6 0 0 0 0 0 0 0 0 0 0 ]
CSI_DATA,AP,48:E7:29:89:3A:50,-43,11,0,0,0,0,0,0,0,0,0,-89,0,6,1,230262525,0,84,0,0,230.643,128,[84 -64 4 0 0 0 0 0 0 0 0 0 21 -8 20 -9 22 -12 23 -12 24 -14 24 -12 26 -12 26 -11 26 -11 25 -10 25 -10 25 -9 23 -8 22 -6 19 -3 17 -3 13 -1 10 0 6 -1 3 -1 -1 -3 -4 -4 -6 -6 -9 -7 -11 -8 -12 -10 0 0 -13 -11 -16 -12 -16 -12 -17 -12 -18 -12 -19 -13 -20 -13 -21 -14 -21 -13 -22 -14 -23 -12 -22 -12 -21 -11 -22 -11 -22 -10 -23 -9 -24 -9 -24 -9 -24 -10 -24 -10 -22 -10 -20 -10 -20 -9 -18 -8 -16 -6 -14 -5 0 0 0 0 0 0 0 0 0 0 ]
CSI_DATA,AP,48:E7:29:89:3A:50,-49,11,1,2,1,1,1,0,0,0,0,-89,0,6,1,230337611,0,84,0,0,230.718,384,[84 -64 4 0 0 0 0 0 0 0 0 0 -10 -5 -11 -5 -12 -5 -12 -5 -13 -5 -13 -5 -13 -6 -13 -6 -13 -7 -12 -7 -12 -7 -11 -7 -11 -7 -10 -7 -8 -7 -7 -6 -5 -5 -4 -5 -3 -3 -1 -1 -1 0 -1 2 -1 3 -1 5 -1 6 -1 6 0 0 0 8 -1 8 0 9 0 9 0 9 0 10 0 11 1 10 1 11 1 11 1 11 1 11 2 11 2 10 3 10 3 10 4 11 4 10 3 10 3 10 3 10 2 10 2 9 2 8 2 7 2 6 0 0 0 0 0 0 0 0 0 0 ]
CSI_DATA,AP,48:E7:29:89:3A:50,-50,11,1,4,1,1,1,0,0,0,0,-89,0,6,1,230423464,0,84,0,0,230.804,384,[84 -64 4 0 0 0 0 0 0 0 0 0 5 -9 4 -10 5 -10 5 -12 5 -12 5 -12 6 -12 6 -12 6 -12 6 -11 7 -11 7 -10 7 -9 7 -8 6 -7 5 -6 5 -5 3 -3 2 -2 1 -2 -1 -1 -2 -1 -4 -1 -5 -1 -6 -1 -7 -1 0 0 -8 -1 -9 0 -9 -1 -10 -1 -10 0 -10 0 -11 0 -12 0 -12 0 -12 1 -11 1 -12 1 -11 1 -11 2 -11 2 -11 2 -11 3 -11 3 -11 2 -11 3 -11 2 -10 2 -10 1 -9 2 -8 2 -7 2 0 0 0 0 0 0 0 0 0 0 ]
CSI_DATA,AP,48:E7:29:89:3A:50,-49,11,1,2,1,1,1,0,0,0,0,-89,0,6,1,230521964,0,84,0,0,230.902,384,[84 -64 4 0 0 0 0 0 0 0 0 0 4 9 5 9 5 9 6 11 6 11 6 11 6 12 5 12 4 12 4 11 5 12 4 11 3 11 2 10 1 9 1 8 0 6 0 4 -1 3 0 1 1 -1 1 -2 2 -3 3 -4 3 -5 4 -6 0 0 5 -7 5 -7 5 -8 5 -8 6 -8 6 -9 6 -10 6 -10 6 -10 5 -10 5 -11 5 -10 5 -10 4 -10 5 -11 4 -11 4 -11 3 -11 4 -12 3 -11 4 -11 4 -10 4 -9 3 -9 3 -8 2 -7 0 0 0 0 0 0 0 0 0 0 ]
CSI_DATA,AP,48:E7:29:89:3A:50,-50,11,1,4,1,1,1,0,0,0,0,-89,0,6,1,230603383,0,84,0,0,230.984,384,[84 -64 4 0 0 0 0 0 0 0 0 0 1 -13 0 -13 0 -15 -1 -15 -1 -16 -1 -16 0 -16 0 -17 1 -17 1 -17 1 -16 2 -15 1 -14 2 -13 3 -11 4 -10 3 -8 2 -7 1 -4 0 -3 -1 -1 -3 0 -4 1 -6 2 -7 2 -7 2 0 0 -8 3 -9 3 -9 4 -10 4 -10 5 -10 6 -11 6 -11 6 -11 6 -11 7 -11 7 -11 7 -11 7 -10 8 -10 8 -10 8 -10 9 -9 9 -9 9 -10 9 -10 8 -9 8 -9 7 -8 7 -7 6 -6 5 0 0 0 0 0 0 0 0 0 0 ]
CSI_DATA,AP,48:E7:29:89:3A:50,-50,11,1,4,1,1,1,0,0,0,0,-89,0,6,1,230690674,0,84,0,0,231.071,384,[84 -64 4 0 0 0 0 0 0 0 0 0 3 13 3 13 4 14 5 15 5 16 5 16 5 17 4 17 3 17 3 17 3 16 2 17 2 16 1 14 0 13 -1 12 -1 9 -2 7 -1 4 -1 2 0 0 1 -2 2 -3 4 -4 5 -5 6 -6 0 0 7 -6 8 -7 7 -8 8 -8 8 -9 9 -10 9 -10 9 -11 9 -11 9 -12 9 -12 9 -12 8 -12 8 -12 7 -12 6 -13 7 -13 6 -14 7 -14 7 -14 8 -13 7 -12 7 -11 6 -10 5 -9 4 -9 0 0 0 0 0 0 0 0 0 0 ]
CSI_DATA,AP,48:E7:29:89:3A:50,-50,11,1,4,1,1,1,0,0,0,0,-89,0,6,1,230785895,0,84,0,0,231.166,384,[84 -64 4 0 0 0 0 0 0 0 0 0 2 -9 2 -9 2 -10 1 -11 2 -11 2 -12 3 -11 3 -12 4 -11 4 -11 3 -11 4 -11 4 -10 4 -9 4 -8 4 -7 3 -5 2 -4 1 -2 0 -2 -1 -1 -2 0 -4 0 -5 0 -6 0 -6 0 0 0 -8 1 -8 1 -8 1 -8 1 -9 2 -9 2 -10 3 -10 2 -10 3 -10 3 -10 3 -9 3 -10 3 -9 4 -9 4 -9 4 -9 5 -9 5 -9 5 -9 5 -9 4 -8 4 -8 3 -7 3 -6 3 -5 3 0 0 0 0 0 0 0 0 0 0 ]
CSI_DATA,AP,48:E7:29:89:3A:50,-43,11,0,0,0,0,0,0,0,0,0,-89,0,6,1,230886649,0,84,0,0,231.267,128,[84 -64 4 0 0 0 0 0 0 0 0 0 -20 10 -20 12 -21 15 -22 16 -22 16 -24 15 -24 16 -25 14 -25 14 -25 12 -25 13 -25 11 -24 9 -22 7 -20 5 -18 4 -14 2 -11 1 -7 0 -4 1 0 1 3 3 5 4 8 5 10 6 12 7 0 0 14 8 15 9 16 9 17 9 18 10 19 9 21 10 20 10 22 9 21 11 22 10 21 10 21 8 22 8 22 7 23 6 24 5 24 6 24 6 23 6 22 8 21 7 19 7 17 6 15 5 13 4 0 0 0 0 0 0 0 0 0 0 ]
CSI_DATA,AP,48:E7:29:89:3A:50,-43,11,0,0,0,0,0,0,0,0,0,-89,0,6,1,230977789,0,84,0,0,231.358,128,[84 -64 4 0 0 0 0 0 0 0 0 0 22 -1 23 -2 24 -3 26 -4 26 -4 28 -3 28 -2 28 -1 28 -1 26 0 27 0 26 1 25 1 22 2 19 4 17 4 13 4 9 3 6 2 3 -1 0 -3 -2 -5 -4 -7 -5 -10 -7 -12 -7 -14 0 0 -9 -16 -10 -16 -11 -17 -11 -17 -12 -18 -13 -19 -14 -19 -14 -20 -14 -20 -15 -21 -16 -20 -15 -19 -16 -18 -16 -19 -16 -18 -18 -18 -19 -17 -19 -18 -18 -18 -18 -18 -17 -19 -15 -17 -14 -16 -13 -14 -12 -12 -11 -11 0 0 0 0 0 0 0 0 0 0 ]
CSI_DATA,AP,48:E7:29:89:3A:50,-48,11,1,2,1,1,1,0,0,0,0,-89,0,6,1,231054689,0,84,0,0,231.435,384,[84 -64 4 0 0 0 0 0 0 0 0 0 -10 -5 -11 -5 -12 -5 -13 -5 -13 -5 -13 -5 -13 -5 -13 -6 -12 -6 -12 -7 -12 -7 -11 -7 -10 -7 -10 -7 -8 -7 -7 -6 -5 -5 -3 -4 -3 -3 -2 -2 -1 0 -1 2 -1 3 -1 4 -1 6 0 7 0 0 -1 8 0 8 0 9 1 9 0 10 0 10 1 11 1 11 1 11 1 11 2 11 1 11 1 11 2 10 2 10 3 10 4 10 4 11 4 10 4 10 3 10 2 9 2 9 2 8 1 7 2 6 0 0 0 0 0 0 0 0 0 0 ]
CSI_DATA,AP,48:E7:29:89:3A:50,-43,11,0,0,0,0,0,0,0,0,0,-89,0,6,1,231153260,0,84,0,0,231.534,128,[84 -64 4 0 0 0 0 0 0 0 0 0 21 4 23 3 24 1 26 1 27 1 28 3 28 3 27 4 27 4 26 5 27 5 25 6 23 6 21 6 18 7 16 7 12 6 8 5 6 3 3 0 0 -3 -1 -5 -3 -8 -4 -10 -5 -12 -5 -14 0 0 -6 -16 -7 -18 -8 -19 -9 -19 -9 -19 -10 -20 -10 -21 -11 -22 -12 -21 -12 -23 -13 -22 -11 -22 -12 -20 -13 -20 -14 -20 -16 -20 -16 -19 -16 -20 -16 -20 -16 -20 -14 -20 -13 -18 -12 -18 -12 -16 -10 -14 -10 -12 0 0 0 0 0 0 0 0 0 0 ]
CSI_DATA,AP,48:E7:29:89:3A:50,-43,11,0,0,0,0,0,0,0,0,0,-89,0,6,1,231244511,0,84,0,0,231.625,128,[84 -64 4 0 0 0 0 0 0 0 0 0 -18 -15 -19 -14 -22 -14 -24 -14 -24 -15 -24 -16 -23 -18 -22 -19 -22 -19 -21 -19 -22 -18 -20 -18 -18 -18 -16 -17 -12 -16 -12 -15 -8 -12 -5 -9 -4 -6 -3 -3 -2 1 -2 4 -2 7 -2 10 -2 12 -3 14 0 0 -4 16 -3 18 -3 19 -3 20 -3 20 -3 21 -3 23 -4 23 -2 23 -3 24 -1 25 -1 23 0 23 0 23 1 23 2 23 3 24 3 25 1 24 1 24 -1 23 -1 22 0 20 1 19 1 16 2 14 0 0 0 0 0 0 0 0 0 0 ]
CSI_DATA,AP,48:E7:29:89:3A:50,-43,11,0,0,0,0,0,0,0,0,0,-89,0,6,1,231330082,0,84,0,0,231.71,128,[84 -64 4 0 0 0 0 0 0 0 0 0 -1 22 -1 23 1 25 2 27 1 27 1 28 0 29 -1 28 -1 28 -3 27 -2 27 -3 26 -4 24 -5 22 -6 19 -5 17 -6 13 -5 8 -3 5 -1 3 2 0 4 -2 6 -3 9 -5 11 -7 13 -7 0 0 15 -9 16 -9 17 -10 17 -11 17 -11 18 -12 19 -13 20 -13 19 -14 20 -14 20 -15 19 -14 18 -15 18 -16 17 -16 17 -17 17 -18 17 -18 18 -17 17 -17 18 -16 17 -15 15 -14 14 -13 12 -11 10 -11 0 0 0 0 0 0 0 0 0 0 ]
CSI_DATA,AP,48:E7:29:89:3A:50,-43,11,0,0,0,0,0,0,0,0,0,-89,0,6,1,231423032,0,84,0,0,231.803,128,[84 -64 4 0 0 0 0 0 0 0 0 0 20 -3 20 -5 21 -6 23 -7 23 -7 24 -7 24 -6 25 -5 25 -5 24 -4 24 -4 23 -3 22 -2 20 -1 17 0 15 1 12 1 8 1 5 0 2 -1 -1 -2 -3 -4 -4 -6 -7 -7 -8 -9 -9 -11 0 0 -10 -12 -11 -13 -12 -14 -13 -14 -13 -14 -14 -14 -15 -14 -16 -15 -17 -15 -17 -16 -17 -15 -16 -15 -17 -14 -17 -13 -17 -13 -19 -12 -19 -12 -19 -12 -19 -12 -19 -13 -18 -12 -17 -12 -16 -11 -14 -10 -13 -9 -12 -7 0 0 0 0 0 0 0 0 0 0 ]
CSI_DATA,AP,48:E7:29:89:3A:50,-49,11,1,2,1,1,1,0,0,0,0,-89,0,6,1,231502460,0,84,0,0,231.883,384,[84 -64 4 0 0 0 0 0 0 0 0 0 8 -4 9 -5 8 -6 10 -7 9 -7 10 -7 10 -6 10 -6 10 -6 10 -5 10 -5 10 -5 9 -4 9 -3 9 -2 7 -2 6 -1 3 -1 2 -1 1 -1 -1 -1 -2 -2 -3 -3 -4 -3 -5 -4 -5 -4 0 0 -6 -5 -6 -5 -7 -6 -7 -5 -8 -6 -8 -6 -9 -6 -9 -6 -10 -6 -9 -5 -10 -6 -9 -6 -10 -5 -10 -5 -9 -4 -10 -5 -10 -4 -10 -4 -10 -4 -10 -4 -10 -4 -9 -5 -8 -4 -8 -3 -7 -3 -7 -2 0 0 0 0 0 0 0 0 0 0 ]
CSI_DATA,AP,48:E7:29:89:3A:50,-49,11,1,4,1,1,1,0,0,0,0,-89,0,6,1,231590624,0,84,0,0,231.971,384,[84 -64 4 0 0 0 0 0 0 0 0 0 7 -10 8 -11 8 -12 7 -13 9 -13 9 -14 10 -13 10 -13 10 -13 10 -12 10 -12 10 -11 9 -11 10 -9 9 -7 8 -7 6 -5 5 -4 4 -3 2 -2 0 -1 -2 -1 -3 -1 -6 -2 -6 -2 -7 -2 0 0 -9 -2 -10 -2 -10 -1 -11 -1 -11 -1 -12 -1 -13 0 -13 0 -13 -1 -14 0 -13 1 -13 1 -13 1 -13 2 -12 2 -13 2 -13 3 -13 3 -13 3 -13 3 -13 2 -12 2 -12 2 -11 2 -10 2 -8 2 0 0 0 0 0 0 0 0 0 0 ]
CSI_DATA,AP,48:E7:29:89:3A:50,-50,11,1,4,1,1,1,0,0,0,0,-89,0,6,1,231681084,0,84,0,0,232.061,384,[84 -64 4 0 0 0 0 0 0 0 0 0 6 5 8 5 8 5 9 5 9 5 9 6 9 6 9 6 9 6 9 6 8 7 7 7 6 7 6 6 5 6 3 6 2 4 2 3 1 2 0 1 0 0 0 -2 0 -4 0 -5 1 -6 1 -6 0 0 1 -8 1 -8 1 -8 0 -9 1 -9 1 -10 0 -10 0 -10 0 -10 0 -11 0 -10 0 -10 0 -10 -1 -10 -1 -10 -2 -10 -2 -10 -2 -10 -2 -10 -2 -10 -1 -10 -1 -9 -1 -8 -1 -8 -1 -7 -1 -7 0 0 0 0 0 0 0 0 0 0 ]
CSI_DATA,AP,48:E7:29:89:3A:50,-50,11,1,4,1,1,1,0,0,0,0,-89,0,6,1,231770583,0,84,0,0,232.151,384,[84 -64 4 0 0 0 0 0 0 0 0 0 1 7 1 8 1 8 1 8 2 9 2 9 1 9 1 9 1 9 1 9 0 9 0 9 0 8 -1 7 -1 7 -1 5 -2 4 -1 3 -1 2 0 1 0 0 1 -1 1 -1 2 -3 3 -3 3 -3 0 0 4 -4 4 -4 5 -5 4 -5 5 -5 5 -6 5 -6 5 -6 5 -6 5 -6 5 -6 4 -6 5 -6 4 -7 4 -7 4 -8 4 -7 4 -8 4 -8 3 -7 4 -7 3 -6 3 -6 3 -6 2 -5 2 -5 0 0 0 0 0 0 0 0 0 0 ]
CSI_DATA,AP,48:E7:29:89:3A:50,-50,11,1,4,1,1,1,0,0,0,0,-89,0,6,1,231861898,0,84,0,0,232.242,384,[84 -64 4 0 0 0 0 0 0 0 0 0 1 12 2 12 3 13 4 13 5 14 4 14 4 15 3 15 3 16 2 15 2 15 1 15 0 14 0 13 -1 11 -1 10 -2 8 -2 6 -1 4 -1 2 1 0 1 -1 2 -2 3 -3 5 -5 5 -5 0 0 6 -6 6 -7 6 -7 7 -8 7 -8 7 -9 7 -10 7 -10 7 -11 7 -11 7 -11 7 -10 7 -10 6 -11 5 -12 4 -12 5 -12 4 -13 5 -13 5 -13 5 -12 5 -11 5 -10 5 -9 4 -9 3 -8 0 0 0 0 0 0 0 0 0 0 ]
CSI_DATA,AP,48:E7:29:89:3A:50,-49,11,1,2,1,1,1,0,0,0,0,-89,0,6,1,231956907,0,84,0,0,232.337,384,[84 -64 4 0 0 0 0 0 0 0 0 0 8 -5 8 -6 9 -7 9 -7 9 -7 9 -8 10 -7 10 -7 10 -6 10 -6 10 -6 10 -6 9 -5 9 -4 8 -3 7 -3 6 -1 4 -1 2 -1 1 -1 -1 -1 -2 -2 -3 -2 -4 -3 -5 -3 -6 -3 0 0 -7 -5 -7 -4 -8 -4 -8 -4 -8 -5 -9 -5 -9 -5 -10 -5 -10 -5 -10 -4 -11 -4 -10 -4 -10 -4 -10 -3 -10 -3 -11 -2 -11 -2 -11 -2 -11 -3 -10 -3 -10 -3 -10 -3 -9 -3 -8 -2 -7 -2 -6 -1 0 0 0 0 0 0 0 0 0 0 ]
CSI_DATA,AP,48:E7:29:89:3A:50,-50,11,1,4,1,1,1,0,0,0,0,-89,0,6,1,232041825,0,84,0,0,232.422,384,[84 -64 4 0 0 0 0 0 0 0 0 0 -8 -7 -9 -7 -10 -7 -11 -8 -11 -8 -11 -8 -11 -8 -11 -9 -10 -9 -10 -9 -10 -9 -9 -9 -8 -9 -7 -9 -6 -8 -4 -8 -3 -6 -3 -5 -2 -3 -1 -1 -1 0 -1 1 -1 3 -1 4 -2 5 -1 6 0 0 -2 7 -2 8 -2 8 -2 9 -2 9 -2 10 -2 10 -2 10 -1 10 -1 10 -1 10 -1 11 -1 10 0 10 0 10 1 10 1 11 2 11 1 10 1 10 0 10 0 10 0 9 0 8 0 7 1 6 0 0 0 0 0 0 0 0 0 0 ]
CSI_DATA,AP,48:E7:29:89:3A:50,-49,11,1,2,1,1,1,0,0,0,0,-89,0,6,1,232146042,0,84,0,0,232.526,384,[84 -64 4 0 0 0 0 0 0 0 0 0 -11 2 -11 3 -12 4 -13 4 -13 4 -13 4 -13 4 -13 4 -13 3 -13 3 -13 2 -13 2 -13 1 -12 0 -10 -1 -9 -1 -7 -1 -5 -1 -4 -1 -2 0 -1 0 1 1 2 2 3 3 3 4 4 4 0 0 5 6 5 5 6 6 6 6 7 7 8 7 8 7 8 6 8 7 9 6 9 7 9 7 8 6 9 6 9 5 10 4 10 5 10 4 10 4 9 4 9 5 8 4 8 4 7 4 6 3 5 3 0 0 0 0 0 0 0 0 0 0 ]
CSI_DATA,AP,48:E7:29:89:3A:50,-49,11,1,4,1,1,1,0,0,0,0,-89,0,6,1,232221825,0,84,0,0,232.602,384,[84 -64 4 0 0 0 0 0 0 0 0 0 -9 -9 -10 -9 -12 -9 -13 -9 -13 -9 -13 -10 -13 -10 -12 -11 -12 -12 -11 -12 -11 -11 -11 -12 -10 -11 -8 -11 -7 -10 -6 -10 -5 -8 -3 -6 -2 -4 -2 -2 -2 -1 -1 1 -2 2 -2 5 -2 5 -2 7 0 0 -3 8 -3 8 -3 9 -3 10 -3 10 -3 10 -3 11 -3 11 -3 12 -3 12 -3 13 -2 12 -2 12 -2 12 -2 13 0 12 0 12 0 12 0 13 0 13 -1 12 -2 12 -1 11 0 9 -1 9 0 8 0 0 0 0 0 0 0 0 0 0 ]
CSI_DATA,AP,48:E7:29:89:3A:50,-43,11,0,0,0,0,0,0,0,0,0,-89,0,6,1,232318959,0,84,0,0,232.699,128,[84 -64 4 0 0 0 0 0 0 0 0 0 19 0 20 -2 21 -3 23 -4 23 -3 24 -3 25 -2 25 -2 25 -1 24 -1 24 -1 24 0 22 1 20 2 17 3 15 4 11 4 8 3 5 2 2 -1 -1 -2 -2 -4 -4 -6 -5 -8 -7 -10 -7 -11 0 0 -9 -14 -10 -14 -11 -15 -11 -14 -12 -15 -13 -16 -14 -16 -14 -16 -15 -17 -15 -17 -16 -17 -15 -16 -16 -15 -16 -15 -16 -14 -18 -14 -18 -13 -19 -14 -18 -14 -18 -14 -17 -14 -16 -14 -14 -12 -13 -11 -12 -9 -11 -8 0 0 0 0 0 0 0 0 0 0 ]
CSI_DATA,AP,48:E7:29:89:3A:50,-43,11,0,0,0,0,0,0,0,0,0,-89,0,6,1,232413631,0,84,0,0,232.794,128,[84 -64 4 0 0 0 0 0 0 0 0 0 21 4 23 3 24 1 27 1 26 1 28 2 28 2 28 3 28 4 26 4 26 5 26 5 24 5 22 6 18 7 16 7 12 6 8 4 5 3 2 0 0 -2 -2 -5 -3 -7 -4 -10 -5 -12 -6 -14 0 0 -8 -17 -7 -17 -9 -18 -9 -18 -10 -19 -11 -20 -12 -20 -13 -21 -13 -22 -13 -22 -14 -22 -13 -20 -14 -20 -15 -20 -14 -19 -17 -20 -17 -18 -18 -19 -17 -19 -17 -19 -16 -19 -14 -18 -13 -16 -13 -15 -11 -13 -11 -11 0 0 0 0 0 0 0 0 0 0 ]
CSI_DATA,AP,48:E7:29:89:3A:50,-50,11,1,4,1,1,1,0,0,0,0,-89,0,6,1,232490604,0,84,0,0,232.871,384,[84 -64 4 0 0 0 0 0 0 0 0 0 -9 0 -10 1 -10 1 -12 1 -12 1 -12 1 -12 1 -12 1 -12 1 -11 0 -12 -1 -11 -1 -11 -2 -10 -2 -9 -2 -7 -2 -6 -2 -4 -2 -3 -1 -2 0 -1 1 1 1 1 3 1 3 2 4 3 4 0 0 3 6 3 6 4 6 4 6 5 7 5 6 5 7 6 7 6 7 6 7 5 7 5 7 5 7 6 6 6 6 7 6 7 6 8 6 7 5 7 6 7 6 6 6 5 5 5 4 5 4 4 3 0 0 0 0 0 0 0 0 0 0 ]
CSI_DATA,AP,48:E7:29:89:3A:50,-43,11,0,0,0,0,0,0,0,0,0,-89,0,6,1,232591656,0,84,0,0,232.972,128,[84 -64 4 0 0 0 0 0 0 0 0 0 -11 -20 -12 -20 -15 -21 -16 -22 -16 -23 -15 -23 -15 -25 -13 -25 -14 -25 -12 -25 -13 -25 -11 -24 -10 -23 -8 -21 -5 -19 -5 -17 -3 -13 -1 -11 -1 -7 -2 -3 -2 0 -3 3 -5 6 -6 8 -7 10 -8 12 0 0 -9 14 -9 16 -9 16 -9 18 -10 18 -9 19 -10 20 -11 20 -9 21 -11 22 -9 23 -8 22 -8 22 -8 22 -6 22 -5 23 -5 24 -5 24 -6 24 -6 23 -7 22 -6 20 -6 19 -5 18 -4 15 -3 13 0 0 0 0 0 0 0 0 0 0 ]
CSI_DATA,AP,48:E7:29:89:3A:50,-43,11,0,0,0,0,0,0,0,0,0,-89,0,6,1,232674413,0,84,0,0,233.055,128,[84 -64 4 0 0 0 0 0 0 0 0 0 -19 6 -20 8 -20 9 -22 11 -21 11 -23 11 -23 11 -23 10 -24 9 -23 8 -24 7 -23 6 -22 5 -20 3 -18 2 -16 1 -13 -1 -9 -1 -6 -1 -3 0 0 1 3 2 4 4 6 5 8 7 10 8 0 0 11 9 12 10 13 11 13 10 15 10 16 10 17 10 17 11 18 10 18 11 18 12 17 11 17 10 18 10 18 9 20 8 20 8 21 8 20 8 20 8 19 9 17 8 15 8 14 7 13 6 11 4 0 0 0 0 0 0 0 0 0 0 ]
CSI_DATA,AP,48:E7:29:89:3A:50,-43,11,0,0,0,0,0,0,0,0,0,-89,0,6,1,232774424,0,84,0,0,233.155,128,[84 -64 4 0 0 0 0 0 0 0 0 0 -3 30 -2 30 0 34 1 34 2 37 0 36 -1 38 -2 37 -3 38 -3 38 -3 37 -4 36 -6 33 -7 31 -8 26 -9 24 -8 18 -8 13 -5 8 -3 5 1 1 4 -2 7 -3 10 -6 12 -7 15 -8 0 0 18 -10 20 -12 19 -12 21 -14 21 -14 23 -16 24 -17 24 -17 25 -18 25 -19 25 -20 24 -19 22 -20 23 -20 23 -21 21 -21 23 -24 21 -24 23 -23 23 -23 23 -21 22 -20 21 -19 18 -17 15 -16 13 -14 0 0 0 0 0 0 0 0 0 0 ]
CSI_DATA,AP,48:E7:29:89:3A:50,-49,11,1,2,1,1,1,0,0,0,0,-89,0,6,1,232856570,0,84,0,0,233.237,384,[84 -64 4 0 0 0 0 0 0 0 0 0 -2 10 -2 10 -1 11 -1 12 -1 12 -1 13 -2 13 -2 13 -2 13 -3 12 -3 13 -3 12 -4 10 -4 10 -4 8 -4 7 -4 5 -3 3 -2 2 -1 0 0 -1 2 -1 3 -2 4 -2 5 -3 6 -3 0 0 7 -3 7 -3 8 -4 8 -5 9 -5 9 -5 10 -5 9 -6 10 -6 9 -6 9 -7 9 -7 9 -7 9 -7 8 -7 8 -8 8 -8 8 -9 8 -9 8 -8 8 -7 8 -7 7 -7 6 -6 5 -6 4 -5 0 0 0 0 0 0 0 0 0 0 ]
CSI_DATA,AP,48:E7:29:89:3A:50,-50,11,1,4,1,1,1,0,0,0,0,-89,0,6,1,232943144,0,84,0,0,233.323,384,[84 -64 4 0 0 0 0 0 0 0 0 0 1 12 2 12 3 13 4 14 4 15 3 15 3 14 2 15 2 15 2 14 2 14 1 14 0 14 0 13 -1 12 -2 9 -3 7 -2 6 -1 3 0 2 0 0 1 -1 2 -3 4 -3 5 -4 5 -5 0 0 6 -7 6 -6 7 -7 6 -8 7 -8 7 -9 7 -9 8 -10 8 -11 7 -11 6 -11 7 -11 6 -11 6 -12 5 -11 5 -12 4 -12 5 -13 5 -13 5 -12 5 -12 5 -11 5 -10 3 -9 4 -9 2 -8 0 0 0 0 0 0 0 0 0 0 ]
CSI_DATA,AP,48:E7:29:89:3A:50,-43,11,0,0,0,0,0,0,0,0,0,-89,0,6,1,233038913,0,84,0,0,233.419,128,[84 -64 4 0 0 0 0 0 0 0 0 0 -14 4 -15 5 -15 6 -16 7 -17 7 -17 7 -18 6 -18 6 -17 5 -18 5 -18 5 -17 5 -16 3 -15 2 -13 1 -12 0 -9 0 -7 -1 -4 -1 -2 0 0 1 2 2 3 3 5 4 6 5 7 6 0 0 8 7 9 7 10 8 10 7 10 7 11 8 12 8 12 8 12 8 13 8 14 8 13 7 13 7 14 6 13 6 14 6 15 5 15 5 14 6 14 6 13 6 12 6 12 5 11 4 9 3 8 3 0 0 0 0 0 0 0 0 0 0 ]
CSI_DATA,AP,48:E7:29:89:3A:50,-50,11,1,4,1,1,1,0,0,0,0,-89,0,6,1,233123749,0,84,0,0,233.504,384,[84 -64 4 0 0 0 0 0 0 0 0 0 -7 10 -6 11 -6 12 -5 13 -6 14 -6 14 -7 14 -7 14 -7 14 -8 13 -8 12 -9 12 -8 11 -9 10 -8 8 -8 7 -7 5 -5 3 -3 2 -2 1 0 1 2 0 3 0 4 -1 6 -1 7 0 0 0 8 0 9 -1 9 -1 10 -1 10 -2 11 -2 12 -2 12 -3 12 -3 12 -3 12 -3 12 -3 11 -3 11 -4 11 -4 11 -5 11 -5 12 -6 12 -6 11 -5 11 -5 10 -4 11 -4 9 -4 8 -3 7 -3 0 0 0 0 0 0 0 0 0 0 ]
CSI_DATA,AP,48:E7:29:89:3A:50,-50,11,1,4,1,1,1,0,0,0,0,-89,0,6,1,233210866,0,84,0,0,233.591,384,[84 -64 4 0 0 0 0 0 0 0 0 0 4 -10 4 -11 3 -11 3 -12 3 -12 4 -13 4 -13 5 -12 5 -12 5 -12 5 -11 6 -11 5 -10 5 -9 5 -8 4 -6 4 -5 3 -3 2 -2 0 -1 -1 -1 -3 0 -4 0 -5 0 -6 0 -7 0 0 0 -8 1 -9 1 -9 1 -9 1 -10 1 -10 2 -11 2 -11 3 -11 3 -11 3 -11 3 -11 3 -11 3 -10 4 -10 4 -10 5 -10 5 -10 5 -10 5 -10 5 -10 4 -10 4 -9 3 -8 4 -7 3 -6 3 0 0 0 0 0 0 0 0 0 0 ]
CSI_DATA,AP,48:E7:29:89:3A:50,-49,11,1,4,1,1,1,0,0,0,0,-89,0,6,1,233301636,0,84,0,0,233.682,384,[84 -64 4 0 0 0 0 0 0 0 0 0 11 2 12 1 13 1 14 1 15 0 14 1 15 1 15 1 15 2 15 2 14 2 13 3 13 4 12 4 10 4 8 3 6 4 4 2 3 2 1 0 0 -1 -1 -2 -2 -4 -2 -5 -3 -6 -4 -7 0 0 -4 -8 -4 -8 -4 -9 -6 -10 -5 -10 -6 -10 -6 -11 -7 -11 -7 -11 -8 -11 -8 -11 -8 -11 -8 -11 -9 -10 -8 -10 -9 -9 -10 -9 -10 -9 -10 -10 -10 -10 -10 -10 -9 -10 -8 -9 -7 -8 -7 -7 -6 -6 0 0 0 0 0 0 0 0 0 0 ]
CSI_DATA,AP,48:E7:29:89:3A:50,-50,11,1,4,1,1,1,0,0,0,0,-89,0,6,1,233405719,0,84,0,0,233.786,384,[84 -64 4 0 0 0 0 0 0 0 0 0 7 2 7 2 7 2 8 2 9 2 8 2 8 2 9 2 8 3 8 3 7 3 7 3 7 3 6 3 5 3 4 3 3 3 2 2 1 1 0 0 -1 -1 -1 -2 -1 -3 -1 -4 -1 -5 -1 -5 0 0 -2 -6 -2 -7 -2 -7 -2 -7 -3 -7 -3 -7 -3 -8 -3 -8 -3 -8 -4 -8 -4 -8 -4 -8 -4 -7 -4 -8 -4 -7 -5 -7 -5 -7 -5 -7 -5 -7 -5 -7 -4 -8 -5 -7 -4 -6 -3 -6 -3 -5 -4 -5 0 0 0 0 0 0 0 0 0 0 ]
CSI_DATA,AP,48:E7:29:89:3A:50,-43,11,0,0,0,0,0,0,0,0,0,-89,0,6,1,233492146,0,84,0,0,233.872,128,[84 -64 4 0 0 0 0 0 0 0 0 0 7 21 8 21 10 22 11 23 10 24 10 24 10 25 9 25 9 26 7 25 7 25 6 24 5 24 3 21 1 19 1 17 -1 13 -1 8 -1 5 0 2 1 -2 3 -5 4 -7 5 -9 7 -11 8 -13 0 0 10 -15 11 -16 10 -16 10 -18 10 -18 11 -20 11 -21 11 -21 10 -22 11 -22 11 -23 10 -22 9 -22 9 -23 8 -23 7 -23 6 -25 6 -24 7 -25 6 -24 7 -23 7 -22 7 -20 6 -18 5 -16 3 -14 0 0 0 0 0 0 0 0 0 0 ]
CSI_DATA,AP,48:E7:29:89:3A:50,-48,11,1,2,1,1,1,0,0,0,0,-89,0,6,1,233571750,0,84,0,0,233.952,384,[84 -64 4 0 0 0 0 0 0 0 0 0 -10 -3 -11 -2 -11 -2 -12 -2 -12 -2 -13 -2 -12 -2 -12 -2 -12 -3 -11 -3 -11 -3 -11 -3 -11 -4 -10 -4 -9 -4 -7 -4 -6 -3 -4 -3 -2 -2 -1 -1 -1 0 0 2 1 3 1 4 2 5 2 6 0 0 2 7 2 6 3 7 3 7 3 8 4 8 4 8 4 8 5 9 5 8 5 8 4 8 5 8 6 8 6 7 7 7 7 7 7 7 7 7 6 7 6 7 5 7 5 6 5 5 4 5 4 4 0 0 0 0 0 0 0 0 0 0 ]
CSI_DATA,AP,48:E7:29:89:3A:50,-50,11,1,4,1,1,1,0,0,0,0,-89,0,6,1,233661132,0,84,0,0,234.041,384,[84 -64 4 0 0 0 0 0 0 0 0 0 -10 3 -11 4 -11 4 -12 5 -12 4 -13 5 -13 4 -12 4 -12 3 -12 3 -12 3 -12 3 -11 2 -11 1 -10 0 -8 -1 -6 -1 -5 -1 -3 -1 -2 -1 0 0 1 1 2 2 4 3 4 3 5 4 0 0 5 5 6 5 6 5 6 5 7 6 8 5 8 7 8 6 8 6 8 5 9 5 8 5 9 5 9 5 9 4 10 4 10 3 10 4 10 4 9 4 9 4 9 4 8 3 8 3 6 3 6 2 0 0 0 0 0 0 0 0 0 0 ]
CSI_DATA,AP,48:E7:29:89:3A:50,-50,11,1,4,1,1,1,0,0,0,0,-89,0,6,1,233751747,0,84,0,0,234.132,384,[84 -64 4 0 0 0 0 0 0 0 0 0 -2 -9 -3 -10 -3 -10 -4 -11 -4 -11 -4 -12 -3 -12 -3 -12 -3 -12 -2 -11 -2 -11 -1 -11 -1 -10 -1 -10 0 -9 0 -7 1 -6 1 -4 0 -3 0 -2 -1 0 -2 1 -3 2 -3 2 -5 3 -4 3 0 0 -6 4 -6 5 -6 5 -7 5 -7 6 -7 6 -7 6 -7 7 -7 7 -6 7 -6 7 -7 7 -7 7 -6 8 -6 7 -5 8 -5 8 -5 9 -5 8 -5 8 -6 8 -5 7 -5 6 -5 6 -4 5 -3 5 0 0 0 0 0 0 0 0 0 0 ]
CSI_DATA,AP,48:E7:29:89:3A:50,-49,11,1,2,1,1,1,0,0,0,0,-89,0,6,1,233846547,0,84,0,0,234.227,384,[84 -64 4 0 0 0 0 0 0 0 0 0 -5 -10 -6 -10 -7 -11 -7 -12 -8 -11 -7 -12 -7 -12 -7 -12 -6 -12 -6 -12 -6 -12 -5 -12 -4 -11 -3 -10 -3 -10 -1 -8 0 -7 -1 -5 -1 -3 -1 -1 -1 0 -2 2 -3 3 -4 4 -4 5 -4 6 0 0 -5 6 -5 7 -5 8 -5 8 -6 9 -6 9 -6 9 -6 10 -6 10 -5 10 -5 10 -5 10 -5 10 -4 10 -4 10 -3 11 -3 11 -3 11 -3 11 -3 11 -3 11 -4 10 -3 9 -3 8 -3 7 -2 6 0 0 0 0 0 0 0 0 0 0 ]
CSI_DATA,AP,48:E7:29:89:3A:50,-50,11,1,4,1,1,1,0,0,0,0,-89,0,6,1,233930765,0,84,0,0,234.311,384,[84 -64 4 0 0 0 0 0 0 0 0 0 0 -13 0 -14 -1 -14 -1 -15 -1 -15 -1 -16 -1 -16 0 -16 0 -16 0 -16 1 -15 1 -15 1 -14 2 -13 3 -11 3 -10 2 -9 2 -7 1 -4 0 -2 -1 -1 -2 1 -4 1 -5 2 -5 2 -7 3 0 0 -8 3 -8 4 -9 5 -9 5 -10 6 -10 6 -10 6 -10 7 -11 7 -11 8 -11 8 -11 8 -10 8 -9 8 -9 8 -8 9 -8 10 -8 10 -8 10 -8 10 -9 9 -9 8 -8 8 -8 7 -7 7 -6 6 0 0 0 0 0 0 0 0 0 0 ]
CSI_DATA,AP,48:E7:29:89:3A:50,-49,11,1,2,1,1,1,0,0,0,0,-89,0,6,1,234023046,0,84,0,0,234.403,384,[84 -64 4 0 0 0 0 0 0 0 0 0 9 0 9 0 10 -1 11 -1 11 -1 11 -1 11 0 11 0 11 0 11 0 11 1 10 1 10 2 9 2 8 2 6 2 5 2 3 2 2 1 1 0 0 -2 -1 -3 -2 -4 -2 -5 -3 -6 -3 -6 0 0 -4 -8 -4 -8 -4 -8 -4 -8 -5 -9 -5 -9 -5 -10 -5 -10 -6 -10 -6 -9 -6 -10 -6 -9 -6 -9 -6 -8 -7 -8 -7 -8 -8 -8 -8 -8 -8 -9 -7 -8 -7 -9 -7 -8 -6 -7 -6 -7 -5 -6 -5 -5 0 0 0 0 0 0 0 0 0 0 ]
CSI_DATA,AP,48:E7:29:89:3A:50,-51,11,1,4,1,1,1,0,0,0,0,-89,0,6,1,234110611,0,84,0,0,234.491,384,[84 -64 4 0 0 0 0 0 0 0 0 0 -4 -7 -5 -7 -5 -8 -5 -8 -6 -8 -5 -9 -6 -8 -6 -8 -5 -9 -5 -9 -4 -9 -4 -8 -4 -8 -3 -8 -2 -7 -2 -6 -1 -5 -1 -4 -1 -3 -1 -1 -1 0 -2 1 -2 2 -2 3 -2 3 -3 4 0 0 -3 5 -3 5 -3 5 -3 6 -3 6 -3 7 -3 7 -3 7 -3 7 -3 7 -3 7 -3 7 -2 7 -2 7 -2 7 -1 7 -1 8 -1 8 -1 8 -1 7 -1 7 -1 7 -2 6 -2 6 -2 5 -1 4 0 0 0 0 0 0 0 0 0 0 ]
CSI_DATA,AP,48:E7:29:89:3A:50,-43,11,0,0,0,0,0,0,0,0,0,-89,0,6,1,234207634,0,84,0,0,234.588,128,[84 -64 4 0 0 0 0 0 0 0 0 0 13 -20 12 -20 12 -23 11 -23 12 -26 13 -24 13 -25 14 -24 14 -24 16 -23 15 -22 16 -21 16 -19 15 -17 13 -14 13 -12 10 -8 8 -6 4 -3 1 -2 -3 -1 -6 -1 -9 -1 -11 0 -14 0 -15 0 0 0 -18 0 -19 1 -20 1 -21 2 -21 2 -22 3 -24 4 -24 3 -24 4 -26 3 -25 4 -24 4 -23 5 -22 6 -23 7 -23 8 -24 10 -23 9 -23 9 -23 9 -23 8 -22 7 -21 6 -19 6 -16 5 -14 5 0 0 0 0 0 0 0 0 0 0 ]
CSI_DATA,AP,C0:A5:E8:F3:C1:18,-77,11,0,0,0,0,0,0,0,0,0,-89,0,6,1,234214541,0,135,0,0,234.621,128,[-121 112 8 0 0 0 0 0 0 0 0 0 -13 15 -12 14 -13 15 -12 17 -12 14 -12 14 -15 12 -11 9 -13 8 -12 7 -10 6 -7 3 -1 5 5 5 7 7 8 13 7 17 13 14 9 14 6 14 8 11 6 9 8 8 8 8 11 8 10 8 0 0 11 9 8 10 4 11 0 10 -3 8 -5 8 -8 4 -10 3 -12 1 -13 1 -16 0 -19 0 -22 2 -25 0 -25 0 -27 1 -27 1 -26 2 -26 3 -24 3 -24 7 -23 7 -23 8 -22 11 -20 13 -19 11 0 0 0 0 0 0 0 0 0 0 ]
CSI_DATA,AP,48:E7:29:89:3A:50,-50,11,1,4,1,1,1,0,0,0,0,-89,0,6,1,234292882,0,84,0,0,234.673,384,[84 -64 4 0 0 0 0 0 0 0 0 0 -8 2 -8 2 -8 3 -9 3 -9 3 -9 3 -9 3 -9 3 -9 2 -9 2 -9 2 -9 2 -8 1 -8 1 -7 0 -6 -1 -5 -1 -3 -1 -2 -1 -1 -1 0 0 1 1 2 1 2 2 3 2 3 3 0 0 4 3 4 3 5 3 5 3 5 4 6 3 6 4 6 4 6 4 6 4 6 4 6 3 6 3 7 3 6 3 7 2 7 2 7 2 7 2 7 2 7 2 6 2 6 2 5 2 5 1 4 1 0 0 0 0 0 0 0 0 0 0 ]
CSI_DATA,AP,48:E7:29:89:3A:50,-49,11,1,2,1,1,1,0,0,0,0,-89,0,6,1,234390138,0,84,0,0,234.77,384,[84 -64 4 0 0 0 0 0 0 0 0 0 10 1 11 1 11 0 13 0 12 0 13 1 13 1 13 1 12 2 12 2 12 2 11 2 11 3 10 3 8 3 7 3 4 3 3 2 2 1 1 0 0 -1 -1 -3 -2 -4 -2 -6 -3 -6 -3 -7 0 0 -4 -8 -4 -8 -4 -9 -5 -9 -5 -10 -5 -11 -5 -11 -5 -11 -6 -11 -6 -10 -7 -10 -6 -10 -7 -10 -7 -10 -7 -9 -8 -9 -8 -9 -9 -10 -8 -9 -8 -9 -7 -10 -7 -9 -6 -8 -6 -8 -5 -7 -5 -6 0 0 0 0 0 0 0 0 0 0 ]
CSI_DATA,AP,48:E7:29:89:3A:50,-50,11,1,4,1,1,1,0,0,0,0,-89,0,6,1,234471930,0,84,0,0,234.852,384,[84 -64 4 0 0 0 0 0 0 0 0 0 2 -7 2 -8 2 -8 2 -9 2 -9 2 -9 3 -10 3 -9 3 -9 3 -9 3 -9 3 -9 3 -7 3 -7 4 -6 3 -5 2 -4 2 -2 1 -2 0 -1 -1 -1 -2 0 -3 0 -4 0 -5 0 -5 0 0 0 -6 0 -6 1 -7 1 -7 1 -7 1 -8 1 -8 2 -8 1 -8 2 -8 2 -8 2 -8 2 -8 2 -7 3 -8 3 -8 3 -7 3 -7 4 -8 3 -8 3 -7 3 -7 3 -7 3 -6 2 -5 2 -4 2 0 0 0 0 0 0 0 0 0 0 ]
CSI_DATA,AP,48:E7:29:89:3A:50,-50,11,1,4,1,1,1,0,0,0,0,-89,0,6,1,234561079,0,84,0,0,234.941,384,[84 -64 4 0 0 0 0 0 0 0 0 0 7 -11 6 -12 7 -12 6 -13 7 -14 7 -14 7 -14 8 -14 8 -14 8 -13 9 -12 9 -12 9 -10 8 -9 8 -8 7 -7 6 -5 5 -4 3 -2 1 -2 -1 -1 -2 -1 -4 -1 -6 -1 -6 -1 -8 -1 0 0 -9 -1 -10 0 -10 0 -11 0 -12 0 -12 0 -13 1 -13 0 -13 1 -14 1 -13 1 -13 1 -13 1 -12 2 -12 3 -13 3 -13 4 -13 4 -13 4 -13 4 -13 3 -12 3 -12 2 -11 3 -9 2 -8 2 0 0 0 0 0 0 0 0 0 0 ]
CSI_DATA,AP,48:E7:29:89:3A:50,-50,11,1,4,1,1,1,0,0,0,0,-89,0,6,1,234654564,0,84,0,0,235.035,384,[84 -64 4 0 0 0 0 0 0 0 0 0 2 12 2 12 3 12 3 13 4 14 3 14 3 15 3 15 2 15 2 14 1 14 1 14 1 13 0 13 -1 11 -2 9 -2 7 -2 6 -2 3 0 2 0 0 1 -2 2 -2 3 -4 4 -5 5 -5 0 0 6 -6 6 -7 6 -8 7 -8 7 -9 7 -10 7 -10 7 -10 7 -10 7 -11 6 -11 6 -11 6 -11 6 -11 5 -11 4 -12 4 -12 5 -13 5 -13 5 -12 5 -12 5 -11 4 -11 3 -9 3 -9 3 -8 0 0 0 0 0 0 0 0 0 0 ]
CSI_DATA,AP,48:E7:29:89:3A:50,-80,11,0,0,0,0,0,0,0,0,0,-89,0,6,1,234748666,0,84,0,0,235.129,128,[84 -64 4 0 0 0 0 0 0 0 0 0 0 89 8 67 19 102 -1 99 12 99 10 91 -6 75 9 75 17 89 19 54 1 96 9 85 12 75 -14 118 4 84 1 93 -7 75 -15 64 -18 49 4 37 5 5 27 16 29 7 -9 5 5 -13 22 8 0 0 23 -36 16 -63 33 -76 22 -106 25 -60 36 -47 39 -68 34 -66 46 -85 52 -84 47 -95 32 -110 46 -88 32 -84 34 -85 31 -104 37 -94 16 -80 20 -84 12 -114 39 -92 27 -78 32 -77 27 -60 27 -59 24 -65 0 0 0 0 0 0 0 0 0 0 ]
CSI_DATA,AP,48:E7:29:89:3A:50,-49,11,1,2,1,1,1,0,0,0,0,-89,0,6,1,234832217,0,84,0,0,235.213,384,[84 -64 4 0 0 0 0 0 0 0 0 0 3 9 4 9 5 9 6 11 6 10 5 11 5 11 5 12 4 11 4 11 4 11 3 11 3 10 2 10 1 9 0 7 0 6 -1 4 0 2 0 0 0 -1 1 -2 2 -3 3 -4 3 -6 3 -6 0 0 4 -7 4 -7 5 -8 5 -8 5 -9 5 -10 6 -10 5 -10 6 -11 5 -11 5 -11 5 -11 4 -10 4 -11 4 -11 3 -11 3 -11 3 -12 3 -12 3 -11 3 -11 3 -10 3 -9 2 -8 2 -8 1 -7 0 0 0 0 0 0 0 0 0 0 ]
CSI_DATA,AP,48:E7:29:89:3A:50,-50,11,1,4,1,1,1,0,0,0,0,-89,0,6,1,234924492,0,84,0,0,235.305,384,[84 -64 4 0 0 0 0 0 0 0 0 0 -6 7 -6 9 -6 10 -5 10 -6 11 -6 11 -6 11 -7 10 -7 10 -7 10 -7 9 -7 9 -7 8 -7 7 -7 5 -6 4 -5 3 -4 2 -3 1 -1 0 0 0 2 -1 3 0 5 -1 5 0 6 0 0 0 7 0 8 -1 8 -1 9 -1 9 -1 10 -1 10 -1 10 -2 11 -1 11 -2 10 -2 10 -2 10 -2 10 -3 10 -3 10 -4 10 -4 10 -4 10 -4 10 -4 10 -4 9 -3 8 -3 7 -3 7 -2 6 -3 0 0 0 0 0 0 0 0 0 0 ]
CSI_DATA,AP,48:E7:29:89:3A:50,-50,11,1,4,1,1,1,0,0,0,0,-89,0,6,1,235013080,0,84,0,0,235.393,384,[84 -64 4 0 0 0 0 0 0 0 0 0 -1 -10 -1 -11 -2 -11 -2 -12 -2 -13 -2 -13 -2 -13 -1 -13 -1 -13 0 -13 0 -12 0 -12 1 -11 2 -10 2 -9 1 -8 1 -6 1 -5 0 -3 0 -2 -2 0 -2 1 -3 1 -5 2 -6 3 -6 3 0 0 -7 3 -7 4 -8 5 -8 5 -9 5 -9 5 -9 6 -9 6 -9 6 -10 6 -9 7 -9 7 -9 6 -9 7 -8 7 -8 7 -7 8 -8 8 -8 7 -8 8 -8 7 -8 6 -7 6 -6 5 -5 5 -5 5 0 0 0 0 0 0 0 0 0 0 ]
CSI_DATA,AP,48:E7:29:89:3A:50,-49,11,1,2,1,1,1,0,0,0,0,-89,0,6,1,235108797,0,84,0,0,235.489,384,[84 -64 4 0 0 0 0 0 0 0 0 0 -12 -3 -12 -3 -13 -2 -15 -2 -15 -2 -15 -3 -15 -3 -15 -3 -14 -4 -14 -4 -14 -5 -13 -5 -12 -5 -11 -5 -10 -6 -8 -5 -6 -4 -4 -4 -3 -2 -1 0 -1 1 0 2 1 3 1 5 1 6 2 7 0 0 2 9 2 9 3 10 4 10 4 11 4 11 4 11 4 11 4 12 5 12 6 11 5 11 5 11 6 10 6 10 7 10 7 10 8 10 7 10 6 10 6 10 5 9 5 9 5 7 4 7 4 5 0 0 0 0 0 0 0 0 0 0 ]
CSI_DATA,AP,48:E7:29:89:3A:50,-50,11,1,4,1,1,1,0,0,0,0,-89,0,6,1,235192289,0,84,0,0,235.572,384,[84 -64 4 0 0 0 0 0 0 0 0 0 -1 10 -1 10 -1 11 0 12 0 12 0 12 -1 12 -1 12 -1 12 -2 12 -2 12 -2 11 -3 10 -4 9 -4 8 -3 6 -3 4 -3 3 -2 2 -1 0 1 -1 1 -2 3 -2 4 -3 5 -3 5 -3 0 0 7 -4 7 -4 8 -4 8 -5 8 -5 9 -5 9 -6 9 -6 9 -6 9 -6 9 -6 8 -7 9 -7 8 -7 8 -7 8 -7 8 -8 7 -9 8 -8 7 -8 8 -8 7 -6 6 -6 6 -6 5 -5 4 -5 0 0 0 0 0 0 0 0 0 0 ]
CSI_DATA,AP,48:E7:29:89:3A:50,-50,11,1,4,1,1,1,0,0,0,0,-89,0,6,1,235287474,0,84,0,0,235.668,384,[84 -64 4 0 0 0 0 0 0 0 0 0 4 5 5 6 5 5 5 6 6 6 6 6 6 7 5 7 5 7 4 7 4 7 4 7 3 6 3 6 2 5 1 5 1 4 0 3 0 1 0 0 0 -1 0 -2 1 -3 1 -3 1 -4 1 -5 0 0 1 -6 2 -6 2 -7 2 -7 2 -7 2 -7 2 -8 2 -8 2 -8 2 -8 1 -8 2 -8 1 -8 1 -8 1 -8 0 -8 0 -9 0 -9 0 -9 0 -8 0 -8 1 -8 0 -7 0 -7 0 -6 0 -5 0 0 0 0 0 0 0 0 0 0 ]
CSI_DATA,AP,48:E7:29:89:3A:50,-50,11,1,4,1,1,1,0,0,0,0,-89,0,6,1,235375223,0,84,0,0,235.755,384,[84 -64 4 0 0 0 0 0 0 0 0 0 10 0 10 0 11 -1 11 -1 12 -1 11 0 12 0 12 1 12 1 12 1 11 1 11 2 9 2 9 3 8 2 6 2 5 2 3 1 2 1 0 0 -1 -2 -2 -3 -2 -4 -3 -4 -3 -6 -3 -6 0 0 -4 -8 -4 -8 -5 -8 -5 -9 -5 -9 -5 -10 -6 -9 -6 -10 -6 -10 -6 -10 -7 -10 -6 -10 -7 -10 -7 -9 -7 -8 -8 -8 -8 -9 -8 -8 -8 -8 -8 -8 -7 -9 -7 -8 -7 -8 -6 -6 -5 -6 -5 -5 0 0 0 0 0 0 0 0 0 0 ]
CSI_DATA,AP,48:E7:29:89:3A:50,-50,11,1,4,1,1,1,0,0,0,0,-89,0,6,1,235461597,0,84,0,0,235.842,384,[84 -64 4 0 0 0 0 0 0 0 0 0 -6 8 -6 8 -7 9 -7 9 -7 10 -7 10 -7 10 -8 10 -8 9 -8 9 -8 8 -8 8 -8 7 -8 6 -7 5 -6 3 -6 2 -4 2 -3 1 -1 0 0 0 2 0 3 0 4 0 5 0 6 0 0 0 7 0 8 1 8 0 9 0 9 0 10 -1 10 0 10 0 10 0 11 -1 10 0 10 -1 10 -1 10 -2 10 -2 10 -2 11 -3 10 -3 10 -3 10 -3 10 -2 9 -2 9 -2 8 -2 7 -2 6 -2 0 0 0 0 0 0 0 0 0 0 ]
CSI_DATA,AP,48:E7:29:89:3A:50,-50,11,1,4,1,1,1,0,0,0,0,-89,0,6,1,235554664,0,84,0,0,235.935,384,[84 -64 4 0 0 0 0 0 0 0 0 0 9 5 9 5 10 5 11 4 11 5 11 5 11 5 11 6 10 6 10 6 9 6 9 6 8 6 7 6 6 6 4 5 3 5 2 3 1 2 0 0 0 -2 0 -3 -1 -4 0 -5 0 -6 -1 -7 0 0 0 -9 0 -9 0 -10 -1 -10 -1 -10 -1 -11 -1 -11 -2 -12 -2 -12 -2 -12 -2 -12 -1 -11 -2 -11 -3 -11 -3 -11 -4 -11 -4 -11 -4 -11 -4 -12 -4 -10 -3 -11 -3 -10 -3 -10 -2 -9 -2 -8 -3 -7 0 0 0 0 0 0 0 0 0 0 ]
CSI_DATA,AP,48:E7:29:89:3A:50,-50,11,1,4,1,1,1,0,0,0,0,-89,0,6,1,235641193,0,84,0,0,236.021,384,[84 -64 4 0 0 0 0 0 0 0 0 0 2 9 2 10 3 10 4 11 4 11 4 11 3 11 3 12 3 11 2 11 2 11 1 11 1 10 0 10 -1 8 -1 7 -1 6 -1 4 -1 2 0 0 1 -1 1 -2 2 -3 3 -4 3 -4 4 -5 0 0 5 -6 5 -7 6 -7 5 -7 6 -8 6 -8 6 -9 6 -9 6 -9 6 -9 6 -9 6 -9 6 -9 5 -9 5 -10 5 -10 5 -10 5 -11 4 -11 4 -10 5 -10 4 -9 4 -8 4 -8 3 -7 2 -6 0 0 0 0 0 0 0 0 0 0 ]
CSI_DATA,AP,48:E7:29:89:3A:50,-49,11,1,2,1,1,1,0,0,0,0,-89,0,6,1,235743836,0,84,0,0,236.124,384,[84 -64 4 0 0 0 0 0 0 0 0 0 -8 0 -9 0 -9 1 -10 1 -10 1 -10 1 -10 1 -10 1 -10 0 -9 0 -10 0 -9 -1 -9 -1 -8 -2 -7 -2 -6 -2 -5 -2 -3 -1 -2 -1 -1 0 0 0 1 1 1 2 2 2 2 3 2 3 0 0 3 4 3 5 4 5 4 5 4 5 5 5 5 6 5 5 5 6 5 5 6 5 5 6 5 5 6 5 6 4 6 4 6 4 7 4 6 4 6 4 6 4 5 4 5 3 4 3 4 3 4 2 0 0 0 0 0 0 0 0 0 0 ]
CSI_DATA,AP,48:E7:29:89:3A:50,-50,11,1,4,1,1,1,0,0,0,0,-89,0,6,1,235820433,0,84,0,0,236.201,384,[84 -64 4 0 0 0 0 0 0 0 0 0 11 3 12 2 13 2 14 1 14 1 14 1 15 2 14 3 14 3 14 3 13 4 13 4 12 4 11 5 10 5 8 4 6 4 4 3 3 2 1 0 0 -1 -1 -3 -2 -4 -2 -5 -2 -6 -3 -7 0 0 -3 -9 -3 -8 -4 -10 -5 -10 -5 -11 -5 -11 -5 -12 -6 -12 -6 -12 -6 -12 -6 -12 -6 -12 -6 -11 -7 -11 -8 -10 -8 -10 -9 -10 -9 -10 -9 -10 -9 -10 -8 -10 -7 -10 -7 -10 -7 -9 -6 -8 -5 -7 0 0 0 0 0 0 0 0 0 0 ]
CSI_DATA,AP,48:E7:29:89:3A:50,-50,11,1,4,1,1,1,0,0,0,0,-89,0,6,1,235912119,0,84,0,0,236.292,384,[84 -64 4 0 0 0 0 0 0 0 0 0 1 -12 1 -13 -1 -14 0 -15 -1 -15 0 -16 0 -16 1 -16 1 -16 2 -15 2 -15 3 -14 3 -13 3 -12 3 -11 4 -9 3 -7 2 -6 1 -4 0 -2 -1 -1 -2 0 -4 0 -5 2 -6 2 -7 2 0 0 -8 3 -9 3 -9 5 -9 5 -10 5 -10 6 -11 6 -11 6 -11 6 -11 6 -11 6 -12 6 -10 6 -11 8 -10 7 -10 8 -9 8 -9 9 -9 9 -9 8 -10 8 -10 8 -9 6 -8 6 -7 5 -6 5 0 0 0 0 0 0 0 0 0 0 ]
CSI_DATA,AP,48:E7:29:89:3A:50,-49,11,1,2,1,1,1,0,0,0,0,-89,0,6,1,236006194,0,84,0,0,236.386,384,[84 -64 4 0 0 0 0 0 0 0 0 0 10 1 10 1 11 0 12 0 12 0 12 0 13 1 12 1 12 1 12 2 11 3 10 3 10 3 9 4 8 3 6 3 5 2 3 2 2 0 0 -1 0 -2 -2 -3 -2 -4 -3 -5 -3 -6 -3 -7 0 0 -4 -8 -4 -8 -5 -8 -5 -9 -6 -9 -6 -10 -6 -10 -7 -10 -7 -10 -7 -10 -7 -10 -6 -10 -7 -9 -8 -9 -8 -8 -9 -9 -9 -9 -9 -8 -9 -8 -9 -8 -8 -8 -8 -8 -7 -8 -7 -7 -6 -6 -6 -5 0 0 0 0 0 0 0 0 0 0 ]
CSI_DATA,AP,48:E7:29:89:3A:50,-50,11,1,4,1,1,1,0,0,0,0,-89,0,6,1,236092051,0,84,0,0,236.472,384,[84 -64 4 0 0 0 0 0 0 0 0 0 7 5 8 5 9 5 10 6 10 5 10 6 10 7 10 7 9 7 9 7 8 7 8 7 7 7 6 7 5 6 4 6 3 4 2 3 1 2 1 0 0 -1 0 -3 0 -4 0 -5 0 -7 0 -7 0 0 0 -8 0 -9 0 -9 0 -10 0 -10 -1 -11 0 -11 -1 -11 -1 -12 -1 -12 -2 -11 -1 -11 -2 -11 -2 -11 -3 -11 -4 -11 -4 -11 -4 -11 -4 -11 -3 -11 -3 -11 -3 -10 -3 -10 -3 -8 -3 -8 -3 -7 0 0 0 0 0 0 0 0 0 0 ]
CSI_DATA,AP,48:E7:29:89:3A:50,-50,11,1,4,1,1,1,0,0,0,0,-89,0,6,1,236180924,0,84,0,0,236.561,384,[84 -64 4 0 0 0 0 0 0 0 0 0 4 -8 4 -9 3 -9 3 -10 4 -11 4 -11 5 -11 5 -10 5 -10 5 -10 6 -9 5 -9 5 -8 5 -7 5 -6 4 -5 4 -4 2 -3 1 -2 0 -1 -2 -1 -2 -1 -4 0 -5 0 -6 0 -6 0 0 0 -8 -1 -8 -1 -8 0 -9 0 -9 0 -10 0 -10 0 -10 0 -10 1 -10 1 -11 1 -10 1 -10 1 -10 2 -10 2 -10 2 -10 3 -10 3 -10 2 -10 2 -10 2 -9 1 -8 1 -8 2 -7 1 -6 1 0 0 0 0 0 0 0 0 0 0 ]
CSI_DATA,AP,48:E7:29:89:3A:50,-43,11,0,0,0,0,0,0,0,0,0,-89,0,6,1,236274312,0,84,0,0,236.655,128,[84 -64 4 0 0 0 0 0 0 0 0 0 13 -18 12 -19 12 -21 13 -23 13 -24 15 -23 16 -23 17 -23 17 -21 17 -20 17 -20 17 -19 17 -17 16 -14 14 -12 13 -9 10 -7 7 -5 4 -3 1 -2 -3 -2 -5 -2 -8 -2 -11 -2 -13 -2 -15 -2 0 0 -18 -3 -19 -3 -20 -2 -21 -2 -21 -2 -23 -2 -24 -2 -24 -2 -25 -1 -25 -2 -26 -1 -25 -1 -25 0 -25 1 -24 0 -24 2 -25 3 -25 2 -25 2 -25 2 -24 1 -22 0 -21 1 -19 1 -16 1 -15 2 0 0 0 0 0 0 0 0 0 0 ]
CSI_DATA,AP,48:E7:29:89:3A:50,-49,11,1,2,1,1,1,0,0,0,0,-89,0,6,1,236362758,0,84,0,0,236.743,384,[84 -64 4 0 0 0 0 0 0 0 0 0 9 -3 10 -4 10 -4 12 -5 11 -5 12 -5 12 -4 12 -4 12 -3 12 -3 12 -2 11 -2 11 -1 10 0 9 0 7 0 5 0 4 0 2 0 1 0 -1 -1 -2 -2 -3 -3 -4 -4 -4 -5 -5 -5 0 0 -6 -7 -6 -6 -7 -7 -7 -7 -8 -8 -9 -7 -9 -8 -9 -8 -9 -8 -10 -8 -10 -8 -10 -8 -10 -7 -10 -7 -10 -6 -10 -6 -10 -6 -11 -6 -10 -6 -10 -6 -10 -6 -9 -6 -8 -5 -8 -5 -7 -4 -7 -3 0 0 0 0 0 0 0 0 0 0 ]
CSI_DATA,AP,48:E7:29:89:3A:50,-49,11,1,2,1,1,1,0,0,0,0,-89,0,6,1,236466004,0,84,0,0,236.846,384,[84 -64 4 0 0 0 0 0 0 0 0 0 7 -6 7 -6 8 -7 9 -7 9 -8 9 -7 9 -8 10 -7 10 -6 10 -6 10 -5 9 -5 9 -4 9 -3 7 -3 7 -2 5 -2 4 -1 2 0 0 -1 -2 -1 -2 -2 -3 -2 -4 -2 -5 -3 -6 -4 0 0 -7 -4 -8 -4 -8 -4 -8 -4 -9 -4 -10 -4 -10 -4 -10 -4 -10 -4 -11 -4 -11 -4 -10 -4 -10 -3 -10 -3 -10 -3 -11 -2 -11 -2 -11 -1 -11 -2 -11 -1 -10 -2 -9 -2 -9 -2 -8 -2 -7 -2 -6 -1 0 0 0 0 0 0 0 0 0 0 ]
CSI_DATA,AP,48:E7:29:89:3A:50,-50,11,1,4,1,1,1,0,0,0,0,-89,0,6,1,236541724,0,84,0,0,236.922,384,[84 -64 4 0 0 0 0 0 0 0 0 0 11 0 12 -1 13 -1 14 -1 14 -2 15 -1 15 -1 14 -1 14 0 15 0 14 1 14 1 13 1 12 2 10 3 8 3 6 2 5 1 3 1 2 0 0 -1 -1 -3 -2 -3 -3 -5 -4 -6 -4 -6 0 0 -5 -8 -5 -8 -6 -9 -7 -9 -7 -10 -7 -9 -8 -10 -8 -10 -9 -10 -9 -10 -9 -10 -9 -10 -9 -10 -9 -9 -9 -9 -10 -9 -10 -8 -11 -9 -11 -9 -10 -8 -9 -9 -9 -8 -8 -8 -8 -7 -7 -7 -7 -5 0 0 0 0 0 0 0 0 0 0 ]
CSI_DATA,AP,48:E7:29:89:3A:50,-50,11,1,4,1,1,1,0,0,0,0,-89,0,6,1,236631198,0,84,0,0,237.011,384,[84 -64 4 0 0 0 0 0 0 0 0 0 -11 -6 -12 -6 -14 -6 -14 -5 -14 -6 -14 -6 -15 -6 -15 -7 -14 -7 -14 -8 -13 -7 -13 -8 -12 -8 -11 -8 -9 -8 -7 -7 -5 -6 -5 -5 -3 -3 -2 -2 -2 0 -1 2 -1 3 0 4 0 5 0 7 0 0 1 8 1 9 2 9 3 9 2 10 3 10 3 11 3 11 4 12 4 12 4 11 4 12 4 11 6 10 6 11 6 10 6 11 7 10 7 10 7 10 6 11 6 10 5 9 5 8 4 7 4 6 0 0 0 0 0 0 0 0 0 0 ]
CSI_DATA,AP,48:E7:29:89:3A:50,-50,11,1,4,1,1,1,0,0,0,0,-89,0,6,1,236720603,0,84,0,0,237.101,384,[84 -64 4 0 0 0 0 0 0 0 0 0 -6 -7 -7 -8 -7 -8 -8 -8 -8 -9 -8 -9 -7 -9 -7 -10 -7 -10 -7 -9 -6 -10 -6 -9 -5 -9 -4 -9 -3 -8 -2 -7 -2 -5 -1 -5 -1 -3 -1 -1 -1 0 -2 1 -2 2 -2 3 -2 4 -3 5 0 0 -3 6 -3 7 -3 7 -3 7 -3 8 -3 8 -3 9 -3 9 -3 9 -3 9 -3 9 -2 9 -2 9 -2 9 -2 9 -1 9 -1 9 0 10 -1 9 -1 9 -1 9 -1 8 -1 8 -1 7 -1 6 0 5 0 0 0 0 0 0 0 0 0 0 ]
